# band: Stage 3's shared grid (banded_h1_{corpus}_{format}.parquet), same as H1a/H1b — grouped by (format, band), gap_bin ignored since C2 has no gap dimension
format,band,sd_freestyle,sd_standard,n_freestyle,n_standard,levene_statistic,p_value,sd_diff,sd_diff_ci_lower,sd_diff_ci_upper,status
classical,2000 to 2099,19.161562772711765,8.967230795515219,117,41,8.605018313086397,0.003858170979402892,10.194331977196546,5.856446505567819,14.882512644390635,ok
classical,2100 to 2199,19.001971111036603,9.89875557853291,343,682,104.35485263439672,2.147737750742839e-23,9.103215532503693,6.321921369485902,12.036370182578425,ok
classical,2200 to 2299,14.40676444576725,8.400559800659874,238,638,90.59422079338563,1.6668848587041452e-20,6.006204645107376,4.4232403464669545,7.610840631649292,ok
classical,2300 to 2399,18.046352951367094,7.843312191028202,301,547,88.75155993168362,4.1476889371402385e-20,10.203040760338892,5.795505961317988,15.329859834163507,ok
classical,2400 to 2499,13.986928460272248,6.7498924616892415,508,803,152.28252157328504,3.5489384108498613e-33,7.237035998583006,5.539347850026979,8.895844594240732,ok
classical,2500 to 2599,10.303964152201985,4.9570366763573075,295,1358,202.9237357182466,1.6279571161792255e-43,5.346927475844677,4.179604496716797,6.535219685060021,ok
classical,2600 to 2699,9.646677439839854,4.440307002708218,390,2723,329.02590748085146,5.598013203786508e-70,5.2063704371316355,3.749544661138437,6.586672084042653,ok
classical,2700 to 2799,8.331441480815988,3.725242631475666,328,1046,195.7452533326623,1.1187143961105477e-41,4.606198849340322,3.449274007308102,5.707056477353092,ok
classical,2800+,6.612194277361842,3.211119535612235,48,46,12.590433880183925,0.0006127062088599062,3.4010747417496066,1.4050322040291316,7.685892507079322,ok
rapid,2000 to 2099,29.584004589002994,11.83643168600273,268,856,158.0161666463935,5.327516754160206e-34,17.747572903000265,11.12255210017973,26.431763844311536,ok
rapid,2100 to 2199,25.559595774846432,11.329741706922771,333,1256,256.98904652838524,1.0148089729920648e-53,14.229854067923661,11.158724896085056,17.460033489435574,ok
rapid,2200 to 2299,30.807306030960177,10.20870322710125,464,1527,181.795234734718,1.0317337181606534e-39,20.598602803858928,10.154718215363443,35.58013941755528,ok
rapid,2300 to 2399,21.637360721997847,8.633124989956194,454,2268,501.60141408874773,4.204002442704589e-102,13.004235732041654,11.150035845709942,14.809753650578838,ok
rapid,2400 to 2499,20.695920048590875,8.763613576400546,510,2681,403.6011535353769,1.2624398911932316e-84,11.932306472190328,8.885053220001208,15.442151743208472,ok
rapid,2500 to 2599,17.357385478362637,6.581336234853164,854,2332,535.616142399014,1.1763377516553534e-109,10.776049243509473,8.623046809482743,13.51947168727884,ok
rapid,2600 to 2699,16.228096606214052,6.1929399995905685,818,1758,470.2093832319249,6.648962480746379e-96,10.035156606623485,7.9888739332383825,12.160759524087297,ok
rapid,2700 to 2799,13.14264914154959,5.220349780087232,549,880,269.6836712575316,1.2125742230159452e-55,7.9222993614623585,6.329919450143216,9.56447749204568,ok
rapid,2800+,12.494693970611383,4.430239278006124,67,48,13.616463114038003,0.0003465596982532682,8.06445469260526,,,single_cluster
