format,excluded_event,ame_pp,ci_lower_pp,ci_upper_pp,n
classical,12th Sinquefield Cup,-12.798105884778213,-21.76538171283665,-3.8308300567197735,2193
classical,13th Norway Chess 2025,-13.42292103021493,-22.37483882600942,-4.471003234420441,2207
classical,15th London Classic Elite,-12.970917425752198,-21.821000414042864,-4.120834437461535,2203
classical,22nd Karpov Int.,-12.579576282084496,-21.41846385439985,-3.7406887097691426,2192
classical,25th ch-EUR Indiv 2025,-12.993388336153785,-21.78902777177424,-4.1977489005333295,2064
classical,2nd Al-Beruniy Masters,-13.09244949356575,-21.88867658943243,-4.29622239769907,2219
classical,2nd UzChess Cup Masters,-13.188704459486505,-22.00328441890501,-4.374124500068001,2200
classical,36th Cracovia Open A,-12.8647600951506,-21.517503233041634,-4.21201695725957,1963
classical,4th UZB President Masters,-13.131062724287714,-21.920105961023097,-4.3420194875523315,2199
classical,61st Rubinstein ALREH,-12.834294459051353,-21.67315265631227,-3.995436261790443,2202
classical,7th Prague Challengers,-13.051755032404335,-21.842647676691644,-4.260862388117026,2217
classical,7th Prague Masters 2025,-13.105373595647771,-21.877379662608753,-4.333367528686789,2197
classical,87th Tata Steel Masters,-13.048085066786872,-21.935883731587598,-4.160286401986143,2163
classical,88th Tata Steel Masters,-13.59332324248737,-22.263125186245382,-4.923521298729362,2153
classical,96th ch-GER Masters 2025,-13.014775303888426,-21.85807614965945,-4.171474458117401,2208
classical,Biel960Swiss.pgn,-14.413371805006946,-23.256827635959965,-5.569915974053929,2233
classical,Djerba Masters 2025,-13.012464558595315,-21.793339170955814,-4.231589946234818,2201
classical,FIDE Grand Swiss 2025,-13.81568265879529,-22.621701725792427,-5.0096635917981525,1771
classical,FIDE World Cup 2025 - Classical,-12.379400847753946,-21.23722364959846,-3.521578045909431,2009
classical,Fujairah Global Superstars,-13.801799931296877,-22.466188593662185,-5.137411268931567,2058
classical,KazChess Masters 2025,-13.030663972625536,-21.817574339654172,-4.243753605596899,2217
classical,ParisKO_90+30.pgn,-10.709508992286818,-19.421433509591367,-1.9975844749822682,2207
classical,Quantbox Chennai GM 2025,-13.266971491045442,-22.00851019919588,-4.525432782895004,2197
classical,Serbia Open 2025 Masters,-13.105832263274808,-21.87891807213137,-4.332746454418245,2203
classical,Stepan Avagyan Mem 2025,-12.839047961481507,-21.653807732082882,-4.024288190880132,2202
classical,Superbet ROM Classic 2025,-13.016266494834621,-21.79483063394276,-4.237702355726487,2195
classical,ch-USA 2025,-12.778483614897706,-21.65192698719429,-3.9050402426011237,2189
classical,lichess_Grenke-chess-festival-2025-freestyle-chess_2025.pgn,-15.842140114907194,-25.660408938586944,-6.023871291227448,2201
classical,lichess_Grenke-chess-festival-2026-freestyle-open_2026.04.06.pgn,-13.627743177348387,-24.565271295584008,-2.6902150591127634,2191
classical,weissenhausKO.pgn,-11.124623804784129,-20.68347073997449,-1.5657768695937686,2219
rapid,11th Gashimov Mem Rapid,-17.648037062361464,-21.997339237306285,-13.298734887416641,2791
rapid,15th LCC Super Rapid 2025,-17.688294604377504,-22.05828189881438,-13.318307309940625,2785
rapid,15th Nat PRC RR Men,-17.35885191538797,-21.71798944768074,-12.999714383095199,2786
rapid,2025 Clutch Chess Champions Showdown,-17.880080522547882,-22.22413836203632,-13.53602268305944,2775
rapid,2025-freestyle-chess-grand-slam-las-vegas-play-in-5th-8th-ko.pgn,-17.682601160948717,-22.072656259769875,-13.292546062127563,2799
rapid,2025-freestyle-chess-grand-slam-paris-play-in-5th-8th-ko.pgn,-17.642573234414034,-22.01865221844572,-13.266494250382346,2801
rapid,2026-fide-freestyle-chess-world-championship-play-in-ko.pgn,-17.971913281927446,-22.32322504239143,-13.62060152146346,2800
rapid,2026-fide-freestyle-chess-world-championship-play-in-swiss.pgn,-16.619258370761294,-21.34098127018626,-11.897535471336331,2691
rapid,23rd Nancy Rapid 2025,-17.727993285420084,-22.096525174952724,-13.359461395887445,2797
rapid,24th OGD Rapid 2025,-17.730579458985353,-22.098720475910973,-13.362438442059732,2798
rapid,36th Czech Rapid G1 2025,-17.440828011349517,-21.81104666446194,-13.070609358237096,2766
rapid,8th Salamanca Masters,-17.79867435847117,-22.158533404960938,-13.4388153119814,2797
rapid,AccentusChess960Challengers-Biel.pgn,-17.822306978239947,-22.2097082928823,-13.434905663597593,2786
rapid,AccentusChess960Masters-Biel.pgn,-17.844594058391884,-22.248872813995998,-13.440315302787766,2792
rapid,Asrian Mem Rapid 2025,-17.35631439247102,-21.703844969543727,-13.008783815398314,2776
rapid,Balaton Grand Rapid 2025,-17.504393382537273,-21.868783143644666,-13.14000362142988,2775
rapid,Berlin U25 Open - Rapid,-17.90591702997609,-22.265905087116835,-13.545928972835346,2782
rapid,CapeTownKO_10+5.pgn,-17.69902281528956,-22.036998144435426,-13.361047486143695,2803
rapid,CapeTownKO_30+15.pgn,-17.527854772852198,-21.9968363375791,-13.058873208125293,2791
rapid,CapeTownRR_10+5.pgn,-17.61831734240563,-21.99279403827054,-13.24384064654072,2787
rapid,ClutchChessLegends-Rapid.pgn,-17.875366679118905,-22.25837086541838,-13.492362492819431,2799
rapid,Coop Saaremaa Rapid 2025,-17.517652148287468,-21.896519749134132,-13.1387845474408,2785
rapid,Euro Uni Rapid Open 2025,-17.6450915968016,-22.01172790060719,-13.278455292996005,2799
rapid,European Rapid 2025,-17.95309265010692,-22.34189100983338,-13.564294290380467,2744
rapid,European Women Rapid 2026,-17.58887824927065,-21.96286817295417,-13.214888325587133,2765
rapid,FIDE World Cup 2025 - Rapid (Tiebreak 1),-18.04766369566165,-22.497162948449965,-13.598164442873337,2687
rapid,FIDE World Cup 2025 - Rapid (Tiebreak 2),-17.81573652503878,-22.151206699164437,-13.480266350913125,2763
rapid,FIDE World Rapid Team - Matches 1-10,-17.870336413643454,-22.322914383628163,-13.417758443658744,2584
rapid,FIDE World Rapid Team - Matches 11,-17.725633958336946,-22.123364537726914,-13.327903378946981,2627
rapid,FideFreestyleWC2026F_25+10.pgn,-17.7055406994408,-22.06347814721222,-13.347603251669382,2796
rapid,FideFreestyleWC2026RR_10+5.pgn,-17.561759156336702,-22.0284524825478,-13.095065830125607,2785
rapid,FideFreestyleWC2026SF_25+10.pgn,-17.708553366878593,-22.078466581581115,-13.338640152176072,2793
rapid,Freedom24 Ladies Rapid,-17.618333360965398,-21.982947867789374,-13.253718854141425,2789
rapid,French Open Rapid 2025,-17.590733361992825,-21.949316477269385,-13.232150246716264,2791
rapid,Grand Prix PlusCity Rapid,-17.72634233375411,-22.100609302410003,-13.352075365098218,2781
rapid,Jerusalem Masters 2025,-17.532667541614096,-21.966990902781,-13.098344180447194,2781
rapid,Jerusalem Open Rapid 2025,-17.579065027544598,-21.955355649135132,-13.20277440595406,2792
rapid,LasVegasPlayinKO_15+3.pgn,-17.911534873920086,-22.392617132459602,-13.430452615380567,2781
rapid,LasVegasPlayinSwiss_10+2.pgn,-17.317705939385437,-21.785761944955937,-12.849649933814936,2715
rapid,ParisFreestyleRR_10+05.pgn,-17.399407977388375,-21.989886121582153,-12.808929833194593,2751
rapid,ParisKO_10+10.pgn,-17.73692300377779,-22.071536706527272,-13.402309301028309,2801
rapid,ParisPlayinKO_15+3.pgn,-17.49858031159817,-21.941092443281228,-13.056068179915115,2789
rapid,ParisPlayinSwiss_10+2.pgn,-16.378250516095502,-21.12156171977161,-11.634939312419396,2655
rapid,Rapid GP RUS TOP28,-16.816329074368323,-21.110672339041887,-12.521985809694758,2733
rapid,Saint Louis Rapid 2025,-17.80369323124985,-22.127511482189306,-13.479874980310392,2764
rapid,Shenzhen Nanshan 2025,-17.455433703998548,-21.824446310321242,-13.08642109767585,2778
rapid,SuperUnited CRO Rapid 2025,-17.457183661045256,-21.840242781015093,-13.074124541075419,2773
rapid,Superbet POL Rapid 2025,-17.459707680432683,-21.880473638426043,-13.03894172243932,2783
rapid,Szansa Open Rapid 2025,-17.818176204871122,-22.188896378667586,-13.447456031074658,2782
rapid,TCh-AUT Rapid 2025,-17.508441118607077,-21.87630651442673,-13.140575722787423,2791
rapid,Tata Steel India Rapid,-17.663534562478,-22.07497236546106,-13.252096759494941,2772
rapid,Tata Steel India Rapid w,-17.47989794946641,-21.832499273421842,-13.127296625510972,2774
rapid,TechM GCL 2025,-17.633411538096382,-22.003766504565764,-13.263056571627002,2647
rapid,TechM GCL 3rd-4th 2025,-18.072665779770947,-22.400270359269058,-13.745061200272835,2785
rapid,Ugra Cup Rapid 2025,-17.469415734277884,-21.825088398756463,-13.113743069799305,2753
rapid,Vaganian Cup Rapid 2025,-17.67443361720171,-22.045833799337945,-13.303033435065476,2791
rapid,Vegas5-6-7-8thPlace_10+10.pgn,-17.636654742689704,-22.05603220665727,-13.217277278722134,2801
rapid,VegasGrandFinal_30+30.pgn,-17.69126826406303,-22.043735779348246,-13.33880074877781,2803
rapid,VegasIntermediate1_10+10.pgn,-17.592333402470555,-21.97615121479491,-13.208515590146197,2803
rapid,VegasIntermediate1_30+30.pgn,-17.788621961369895,-22.206417767747777,-13.37082615499201,2799
rapid,VegasIntermediate2_30+30.pgn,-17.697671656124335,-22.048344127725994,-13.346999184522678,2803
rapid,VegasQF1_10+10.pgn,-17.571997026027915,-21.956008772592227,-13.187985279463604,2799
rapid,VegasQF1_30+30.pgn,-17.73050179547471,-22.1031111969933,-13.357892393956114,2797
rapid,VegasQF2_10+10.pgn,-17.70631479628705,-22.116410736460296,-13.2962188561138,2803
rapid,VegasQF2_30+30.pgn,-17.864096878396104,-22.256960671106867,-13.471233085685341,2801
rapid,VegasRR1_10+10.pgn,-17.691025893154478,-22.025787556887295,-13.35626422942166,2786
rapid,VegasRR2_10+10.pgn,-17.888037383254918,-22.226357918290695,-13.54971684821914,2781
rapid,VegasSF1_30+30.pgn,-17.592307980174656,-21.955397648060337,-13.229218312288976,2803
rapid,VegasSF2_10+10.pgn,-17.798752224942653,-22.10504293219148,-13.49246151769383,2803
rapid,WeissenhausKO_10+10.pgn,-17.896781057573623,-22.137282511375695,-13.656279603771553,2799
rapid,WeissenhausPlayinKO_15+3.pgn,-17.560198345682338,-21.945528501174817,-13.174868190189859,2785
rapid,WeissenhausPlayinSwiss_10+2.pgn,-17.742010676245698,-22.408117519601902,-13.075903832889493,2634
rapid,WeissenhausRR.pgn,-18.0253412487243,-22.270179198162165,-13.780503299286433,2766
rapid,World Rapid 2025 - Open 1-30,-17.363834762581682,-21.76347220076984,-12.964197324393522,2717
rapid,World Rapid 2025 - Open 31,-18.45962753819594,-22.84581853211694,-14.073436544274937,2708
rapid,World Rapid Women 2025,-17.160669530928725,-21.508941202119832,-12.81239785973762,2680
rapid,ch-HUN Rapid 2025,-17.71108088679025,-22.079520156577352,-13.342641617003146,2797
rapid,ch-IND Rapid 2025,-17.583380695113952,-21.955872222405482,-13.21088916782242,2785
rapid,lichess_broadcast_6-internationales-schach960-festival_meLZLdUf_2025.03.30.pgn,-18.591458980668875,-23.008324294187197,-14.174593667150548,2780
