format,band,mean_opening_acpl_freestyle,mean_opening_acpl_standard,n_freestyle,n_standard,diff,diff_ci_lower,diff_ci_upper,status
classical,2000 to 2099,29.376027676027675,13.970499419279907,117,41,15.405528256747768,11.663303523502798,19.151442684071554,ok
classical,2100 to 2199,30.136088741190783,12.45989670153893,343,682,17.676192039651852,15.688364281176636,19.751010075170722,ok
classical,2200 to 2299,24.44044310031705,10.464309958588956,238,638,13.976133141728095,11.957711585057815,15.909789319994074,ok
classical,2300 to 2399,23.691709905081996,9.706552344669348,301,547,13.985157560412649,11.826107213353565,16.458879910150536,ok
classical,2400 to 2499,20.994209017142087,8.457324310531035,508,803,12.536884706611051,10.95107999001998,14.281096998657471,ok
classical,2500 to 2599,16.73493359747597,6.972277309501168,295,1358,9.762656287974801,8.397437422163351,11.146642006031279,ok
classical,2600 to 2699,16.153447215177987,6.015445303666016,390,2723,10.13800191151197,9.205243216788022,11.151269421650435,ok
classical,2700 to 2799,13.256485917537747,5.677658946110189,328,1046,7.578826971427557,6.493109836299307,8.65880192555737,ok
classical,2800+,11.133928571428571,4.965527950310559,48,46,6.168400621118012,4.763540654356981,10.190535045690446,ok
rapid,2000 to 2099,44.0831670299021,15.836408516198237,268,856,28.246758513703863,24.57597738461935,32.71823896205363,ok
rapid,2100 to 2199,39.21074542741209,14.508750706123319,333,1256,24.701994721288774,21.934881617329037,27.69170716877961,ok
rapid,2200 to 2299,34.30242358216496,12.862957191247956,464,1527,21.439466390917005,18.541110156854746,24.809848812170202,ok
rapid,2300 to 2399,33.49905358958223,11.329060412691366,454,2268,22.169993176890866,19.789229154977047,24.78538953602219,ok
rapid,2400 to 2499,29.51441816897699,10.377775830825067,510,2681,19.136642338151923,17.19127753103729,21.42462515105316,ok
rapid,2500 to 2599,24.969115973799813,9.029040219595537,854,2332,15.940075754204276,14.592115536415696,17.43933717843089,ok
rapid,2600 to 2699,23.23891316846696,8.073405574642777,818,1758,15.165507593824184,13.53359692695813,17.124734931556812,ok
rapid,2700 to 2799,20.34033813282447,7.002239414625778,549,880,13.338098718198694,11.90306820365361,15.069920488578338,ok
rapid,2800+,17.830845771144276,6.867757936507936,67,48,10.96308783463634,,,single_cluster
