format,band,mean_otr_freestyle,mean_otr_standard,n_freestyle,n_standard,diff,diff_ci_lower,diff_ci_upper,status
classical,2000 to 2099,0.6456597673044518,0.47658891482284865,94,13,0.1690708524816032,0.09855538752852042,0.24903757764061846,insufficient_n (<20)
classical,2100 to 2199,0.6676460272715479,0.46710872524728697,253,205,0.2005373020242609,0.15678394638627394,0.24419683467963788,ok
classical,2200 to 2299,0.6447281483887495,0.45101983947588575,165,288,0.19370830891286384,0.15354166448618506,0.23304377837351828,ok
classical,2300 to 2399,0.6521386237026842,0.4530080925170907,198,326,0.19913053118559354,0.1579923787943863,0.23937637384250987,ok
classical,2400 to 2499,0.6277063724634558,0.41899330256034856,342,534,0.20871306990310717,0.173800393573279,0.2419317731138218,ok
classical,2500 to 2599,0.6287530406593903,0.3914123623347885,208,1036,0.2373406783246017,0.1948606079601841,0.27903167740549345,ok
classical,2600 to 2699,0.6317635544454044,0.3933052928639984,270,2063,0.2384582615814061,0.2106973246107329,0.26594667199984234,ok
classical,2700 to 2799,0.6008644317209553,0.37185361520976956,265,681,0.22901081651118582,0.1906909500866543,0.2642499456586588,ok
classical,2800+,0.6255377307975587,0.3800139624644636,45,35,0.24552376833309508,0.17780723680870258,0.3818855403027506,ok
rapid,2000 to 2099,0.5080295147174191,0.37958199520817715,268,742,0.12844751950924194,0.08710949525139454,0.17121619198101545,ok
rapid,2100 to 2199,0.49224883171841316,0.3737173193133193,334,1019,0.11853151240509396,0.08341534426457334,0.15678900201782078,ok
rapid,2200 to 2299,0.4701426155394358,0.367692111797779,463,1292,0.10245050374165682,0.07342076041068524,0.13432532311909234,ok
rapid,2300 to 2399,0.48712467880014004,0.3614189947890701,453,1924,0.12570568401106996,0.09364290681946331,0.160373220144307,ok
rapid,2400 to 2499,0.508341034291313,0.37163640158048006,508,2285,0.136704632710833,0.10754502708351103,0.16733717032141088,ok
rapid,2500 to 2599,0.5100298282460926,0.35833935004061523,849,2041,0.15169047820547732,0.12554604550103252,0.17676948679247553,ok
rapid,2600 to 2699,0.530787137192309,0.3498755185607931,794,1558,0.1809116186315159,0.152281989627807,0.20902052556528905,ok
rapid,2700 to 2799,0.5398718061107075,0.3283391322265168,520,751,0.21153267388419078,0.17273481898755977,0.24712263628014694,ok
rapid,2800+,0.5562848024323153,0.3693812534643542,66,46,0.18690354896796124,,,single_cluster
