format,band,cc_mean_otr_freestyle,cc_ci_lower_freestyle,cc_ci_upper_freestyle,cc_n_freestyle,cc_mean_otr_standard,cc_ci_lower_standard,cc_ci_upper_standard,cc_n_standard,cc_diff,cc_diff_ci_lower,cc_diff_ci_upper,partial_mean_otr_freestyle,partial_ci_lower_freestyle,partial_ci_upper_freestyle,partial_n_freestyle,partial_mean_otr_standard,partial_ci_lower_standard,partial_ci_upper_standard,partial_n_standard,partial_diff,partial_diff_ci_lower,partial_diff_ci_upper,status
classical,2000 to 2099,0.6456597673044518,0.6133071563292825,0.6775917616620013,94,0.47658891482284865,0.3736859870431987,0.5885806151675241,13,0.1690708524816032,0.051704346211621566,0.2821980034634973,0.6237172249030216,0.5927487781390127,0.6549459957548771,117,0.37043001051480945,0.2938065980396241,0.45434433165555704,29,0.25328721438821217,0.16657447271629974,0.3432374140771597,insufficient_n (<20)
classical,2100 to 2199,0.6676460272715479,0.6445371463152596,0.6902185975572447,253,0.46710872524728697,0.43665634275901377,0.4992204377066444,205,0.2005373020242609,0.1616762300691802,0.23787682527699294,0.6435931915159342,0.6247531935476369,0.6623817722392967,341,0.3732525142044112,0.35401573248356416,0.393100520833855,444,0.270340677311523,0.2424996374555155,0.2975997299384741,ok
classical,2200 to 2299,0.6447281483887495,0.6201860509125736,0.6690026069946423,165,0.45101983947588564,0.42436936872372316,0.47773175739881163,288,0.19370830891286384,0.15790406175195,0.2295054630663707,0.6353173010913317,0.6146389060878863,0.656399114146434,237,0.3635349753610851,0.34547213820874817,0.3817580975957706,570,0.2717823257302466,0.244169566059167,0.3001391257635634,ok
classical,2300 to 2399,0.652138623702684,0.6257410461557132,0.677966881165723,198,0.4530080925170905,0.42967412557554907,0.47808620165577337,326,0.19913053118559354,0.1628201798686306,0.23371921209587662,0.6325841415991202,0.6117060099167401,0.6533800592210524,301,0.3867530687798191,0.36962924134143854,0.40384150263990654,542,0.24583107281930117,0.21831783677870917,0.2726192956700961,ok
classical,2400 to 2499,0.6277063724634557,0.6088167901958821,0.6467025619727125,342,0.41899330256034856,0.40123870605392675,0.4375489605193528,534,0.20871306990310717,0.18251235262117038,0.2357497030585583,0.6145065594036241,0.5997400760703193,0.6293592737103016,505,0.3681454705218035,0.3539783368113419,0.3823658170228354,803,0.24636108888182057,0.2253908143685184,0.26743723080388265,ok
classical,2500 to 2599,0.6287530406593902,0.6045944283495609,0.6528525955360741,208,0.3914123623347885,0.37791526319917734,0.40506722678428847,1036,0.2373406783246017,0.20982916238148924,0.26520078706521255,0.613945607123549,0.5943678958958638,0.6340721048490512,291,0.3600407874474017,0.3488255655163478,0.37152451121246255,1358,0.25390481967614725,0.2311534739791205,0.276738902029003,ok
classical,2600 to 2699,0.6317635544454044,0.6117747647963339,0.6517372884081345,270,0.39330529286399835,0.38350889799416926,0.4030768879987642,2063,0.2384582615814061,0.21581776809159026,0.2603160433151246,0.6221233201471489,0.6058853400741688,0.6385425332389554,385,0.3587191770121343,0.35006207182037147,0.36706865024649726,2721,0.2634041431350146,0.24514429207139635,0.28186128333800936,ok
classical,2700 to 2799,0.6008644317209554,0.580307197944228,0.6222347992633791,265,0.37185361520976956,0.35724513170938854,0.3869615234042265,681,0.22901081651118582,0.20319997041722335,0.2553402956745564,0.5899035619673486,0.5705639230143811,0.6093642070958503,326,0.32505021953966395,0.31307044149283497,0.3372734167706309,1046,0.26485334242768466,0.24220657169340962,0.28745787684545776,ok
classical,2800+,0.6255377307975587,0.5779183214520058,0.6739523150098788,45,0.3800139624644636,0.3172984146744303,0.44357691522960263,35,0.24552376833309508,0.16673773298925157,0.3237266267359533,0.6187167236810619,0.5699511025577889,0.6676451628980136,48,0.35123230507078057,0.293785893941866,0.40660381727376105,46,0.2674844186102813,0.1921537139929597,0.3416588375673888,ok
rapid,2000 to 2099,0.5080295147174191,0.48030397552432025,0.5361619683235508,268,0.37958199520817715,0.36634003461579423,0.39300407563148027,742,0.12844751950924194,0.0967699098044094,0.1594125408897406,0.5080295147174191,0.48030397552432025,0.5361619683235508,268,0.38475403090548965,0.37154125042762326,0.39777401338385954,844,0.12327548381192943,0.09221653685092625,0.15438179188355247,ok
rapid,2100 to 2199,0.49224883171841316,0.4673818875333577,0.516547180548196,334,0.3737173193133192,0.3618540898377837,0.3856051954939272,1019,0.11853151240509396,0.09104984575661451,0.1453590909810063,0.49224883171841316,0.4673818875333577,0.516547180548196,334,0.37930152723704363,0.36808157034717737,0.39065332786606016,1227,0.11294730448136953,0.08600322730609096,0.13992773319275637,ok
rapid,2200 to 2299,0.4701426155394358,0.45100290781390856,0.48935429553649096,463,0.367692111797779,0.35757584196156056,0.3778177903168038,1292,0.10245050374165682,0.0804059730060899,0.12401932884711955,0.4712845495576698,0.4515114285490822,0.490457991711493,464,0.3728531151935149,0.3631165518342484,0.38301674588879336,1486,0.09843143436415491,0.0758647777030726,0.1196004672165802,ok
rapid,2300 to 2399,0.48712467880014004,0.46699903861351716,0.5074690678562034,453,0.3614189947890701,0.3530641362477855,0.37021358529178017,1924,0.12570568401106996,0.10315639952501685,0.14775560716563635,0.4870545190970164,0.46701153056004713,0.5077511025427149,454,0.36306839156961607,0.3547688246682386,0.37115004136875734,2231,0.12398612752740035,0.10205161327032831,0.14616098317937662,ok
rapid,2400 to 2499,0.508341034291313,0.48883186218744046,0.5279792734248344,508,0.37163640158048006,0.3632590170378398,0.3801943502557893,2285,0.136704632710833,0.11550763345429692,0.1576422136317869,0.509771042155433,0.49086339684813074,0.529245138422755,511,0.3750425488330129,0.36637957436406726,0.3834440884620587,2629,0.1347284933224201,0.11348329477705191,0.15609158254839778,ok
rapid,2500 to 2599,0.5100298282460926,0.4955840299403837,0.5241057035934615,849,0.35833935004061523,0.3495102467489715,0.367299278064932,2041,0.15169047820547732,0.13525569690651262,0.1680938347785191,0.5099842869815895,0.4962816978325643,0.523873840046684,855,0.3581083813803821,0.34994765924096927,0.3666270017374423,2308,0.1518759056012074,0.13542012633527611,0.16811694374582115,ok
rapid,2600 to 2699,0.530787137192309,0.5178557076185618,0.544676148257513,794,0.3498755185607931,0.3392145398366946,0.36084897441882524,1558,0.1809116186315159,0.16417899814209644,0.19825341240938105,0.5323092132100694,0.5188029698581775,0.5459048894924488,812,0.34518509191078883,0.3351436264530506,0.3554542215192413,1757,0.18712412129928058,0.1709160929556786,0.20378792753344419,ok
rapid,2700 to 2799,0.5398718061107075,0.5244510651309597,0.5550673317973058,520,0.32833913222651673,0.31344905261887374,0.34401517090284894,751,0.21153267388419078,0.1905678223354253,0.23319283072048264,0.5400409599360972,0.5254136955592028,0.5548716764747887,547,0.3259675861184318,0.31195432048387045,0.33991495594842464,878,0.21407337381766545,0.19345318364268213,0.23463089027121764,ok
rapid,2800+,0.5562848024323154,0.5153370748752989,0.5978609046982113,66,0.36938125346435413,0.31522918095070773,0.42694982728815734,46,0.18690354896796124,0.11523182278801697,0.258394558233461,0.5545936718516817,0.5141630991350375,0.59416455320618,67,0.36936152930292976,0.3174336570633829,0.42352387873221886,48,0.18523214254875198,0.11739656041964591,0.2509648740994416,ok
