# band: Stage 3, shared grid per format (pooled Freestyle+Standard distribution); gap_bin: derived independently per corpus within each band (banded_h1_{corpus}_{format}.parquet)
corpus,format,band,gap_bin,mean_otr,ci_lower,ci_upper,n,status
freestyle,classical,2000 to 2099,-700 to -401,0.683959559641136,0.6205314529978574,0.7488045639566236,29,ok
freestyle,classical,2000 to 2099,-400 to -351,0.6281017104931322,0.5748725849270091,0.6870042421976862,22,ok
freestyle,classical,2000 to 2099,-350 to -251,0.6129830606998102,0.5411949583638997,0.6886210539364795,23,ok
freestyle,classical,2000 to 2099,-250+,0.6470171435040496,0.591157425427727,0.696142827369692,20,ok
freestyle,classical,2100 to 2199,-650 to -501,0.7216956343611307,0.6726311229889887,0.7718042454957514,32,ok
freestyle,classical,2100 to 2199,-500 to -451,0.713329266697685,0.652900435919062,0.7704539903189737,31,ok
freestyle,classical,2100 to 2199,-450 to -351,0.6207152261083116,0.5703807002100575,0.6760065598236427,29,ok
freestyle,classical,2100 to 2199,-350 to -301,0.720881946303284,0.6576946590470248,0.7783460192555741,17,insufficient_n (<20)
freestyle,classical,2100 to 2199,-300 to -251,0.6487026955951828,0.5965047682957092,0.704431258303843,46,ok
freestyle,classical,2100 to 2199,-250 to -201,0.6477873927339017,0.5864266565773244,0.7120947320042623,61,ok
freestyle,classical,2100 to 2199,-200 to -151,0.665721485130993,0.5876018777901157,0.7433593022231143,27,ok
freestyle,classical,2100 to 2199,-150+,0.6121407635537095,0.4212242281338245,0.7214841021897609,10,insufficient_n (<20)
freestyle,classical,2200 to 2299,-650 to -351,0.6725326572641818,0.6203302742914368,0.7248883497542746,26,ok
freestyle,classical,2200 to 2299,-350 to -301,0.6401200239238751,0.5724305466954565,0.702379991927519,20,ok
freestyle,classical,2200 to 2299,-300 to -251,0.6384298357480376,0.5880961211346517,0.6856768117454464,29,ok
freestyle,classical,2200 to 2299,-250 to -201,0.629250642725192,0.578779899362408,0.6766794882339139,32,ok
freestyle,classical,2200 to 2299,-200 to -151,0.6700502064639734,0.6116039664798979,0.7295998045073411,40,ok
freestyle,classical,2200 to 2299,-150+,0.591077825241071,0.5135569471552354,0.6769060855054557,18,insufficient_n (<20)
freestyle,classical,2300 to 2399,-500 to -301,0.7066972329375161,0.6485857260558412,0.7631993143442016,32,ok
freestyle,classical,2300 to 2399,-300 to -251,0.6318428340102582,0.5806513295091457,0.6859489648259098,34,ok
freestyle,classical,2300 to 2399,-250 to -201,0.6717695918470976,0.6125081821313347,0.7409911365866604,20,ok
freestyle,classical,2300 to 2399,-200 to -151,0.7073975955990283,0.606994535142431,0.813530670673586,12,insufficient_n (<20)
freestyle,classical,2300 to 2399,-150 to 149,0.5514066647052581,0.38253098543442793,0.7190729478749572,6,insufficient_n (<20)
freestyle,classical,2300 to 2399,150 to 199,0.663416895766465,0.5910446435599643,0.7403080784328026,26,ok
freestyle,classical,2300 to 2399,200 to 249,0.6175038257483538,0.5381934370488078,0.6957214940795377,43,ok
freestyle,classical,2300 to 2399,250+,0.6396949165325213,0.5732495595809889,0.7166233370424795,25,ok
freestyle,classical,2400 to 2499,-400 to -251,0.6080804490615931,0.5664847932470101,0.6529665370884512,54,ok
freestyle,classical,2400 to 2499,-250 to -201,0.6315083443517783,0.5451185869330748,0.7172615549436574,24,ok
freestyle,classical,2400 to 2499,-200 to -151,0.6272294740581512,0.5815502580809581,0.6753953756610244,41,ok
freestyle,classical,2400 to 2499,-150 to -101,0.6396276536827818,0.5552738244792366,0.7417911282049627,19,insufficient_n (<20)
freestyle,classical,2400 to 2499,-100 to 149,0.5785685029305697,0.5228643745098703,0.6477778363361432,12,insufficient_n (<20)
freestyle,classical,2400 to 2499,150 to 199,0.6370312508043158,0.5829236009527252,0.6908310965081125,47,ok
freestyle,classical,2400 to 2499,200 to 249,0.6466116905918198,0.5933019645889166,0.698035566497577,45,ok
freestyle,classical,2400 to 2499,250 to 299,0.6339207305935436,0.5846720950033104,0.6838274377303343,44,ok
freestyle,classical,2400 to 2499,300 to 349,0.6506051334904902,0.5880448143540565,0.7196882121317055,17,insufficient_n (<20)
freestyle,classical,2400 to 2499,350+,0.6123098640338542,0.5440702643383456,0.6766114075579462,39,ok
freestyle,classical,2500 to 2599,-350 to -151,0.6448549849179535,0.5923429220399099,0.6895075871209468,22,ok
freestyle,classical,2500 to 2599,-150 to -101,0.6419764085907322,0.5759854743797382,0.6961363254948622,41,ok
freestyle,classical,2500 to 2599,-100 to 149,0.5529792146405444,0.46498852696474685,0.6606457768319873,23,ok
freestyle,classical,2500 to 2599,150 to 199,0.556860594589659,0.49143220129192267,0.6371268276473618,11,insufficient_n (<20)
freestyle,classical,2500 to 2599,200 to 249,0.6384974690570573,0.5530016912616086,0.7268615269701089,21,ok
freestyle,classical,2500 to 2599,250 to 299,0.6055239173995304,0.5480775957012548,0.6758540101423598,31,ok
freestyle,classical,2500 to 2599,300 to 399,0.669120124550297,0.582427613045906,0.7570156717105947,18,insufficient_n (<20)
freestyle,classical,2500 to 2599,400 to 449,0.6204768826937223,0.5601147835257172,0.6913406356292116,23,ok
freestyle,classical,2500 to 2599,450+,0.7185545958930444,0.6626953598999505,0.7748254263684604,18,insufficient_n (<20)
freestyle,classical,2600 to 2699,-250 to -101,0.6614385245038142,0.6226883678598648,0.7067247625893623,37,ok
freestyle,classical,2600 to 2699,-100 to -51,0.6294888325992304,0.536644192795397,0.7092415173506132,25,ok
freestyle,classical,2600 to 2699,-50 to 99,0.567546973796255,0.48034119376957196,0.648018117005748,15,insufficient_n (<20)
freestyle,classical,2600 to 2699,100 to 149,0.6402680994105404,0.5678370426739284,0.7149819976623535,25,ok
freestyle,classical,2600 to 2699,150 to 199,0.5898407099866165,0.5406096890192681,0.6435427006605311,33,ok
freestyle,classical,2600 to 2699,200 to 249,0.6317724725876227,0.5476421934570619,0.7189081152525489,21,ok
freestyle,classical,2600 to 2699,250 to 299,0.5947634216352314,0.5515995561290382,0.6365525022282835,35,ok
freestyle,classical,2600 to 2699,300 to 349,0.6155918055764426,0.5557443963905929,0.6726069834350196,30,ok
freestyle,classical,2600 to 2699,350+,0.6903952471021465,0.650018901445898,0.7307253959951684,49,ok
freestyle,classical,2700 to 2799,-150 to -51,0.6026368574801918,0.5643273101914237,0.6314210777989625,31,ok
freestyle,classical,2700 to 2799,-50 to -1,0.5899634325596416,0.5309383597797872,0.6570646902690309,30,ok
freestyle,classical,2700 to 2799,0 to 49,0.6041124786118928,0.5288038306876099,0.6882987312920554,25,ok
freestyle,classical,2700 to 2799,50 to 99,0.6077481199279237,0.5499112644976177,0.6647945656955079,36,ok
freestyle,classical,2700 to 2799,100 to 149,0.5894626055493064,0.518412140637819,0.6534164213104379,36,ok
freestyle,classical,2700 to 2799,150 to 199,0.5553977250772241,0.4497270629593886,0.6634490504364706,14,insufficient_n (<20)
freestyle,classical,2700 to 2799,200 to 249,0.6276031572804522,0.4681117577672952,0.7656295903590737,12,insufficient_n (<20)
freestyle,classical,2700 to 2799,250 to 299,0.5957532657591549,0.5301583688380269,0.6577825443194374,29,ok
freestyle,classical,2700 to 2799,300 to 499,0.6013286915600466,0.5310892094724665,0.6711602128041492,24,ok
freestyle,classical,2700 to 2799,500+,0.6296604079284716,0.5284450319929327,0.7244566432118321,28,ok
freestyle,classical,2800+,-50+,0.6255377307975587,0.554725286879432,0.7646626356824338,45,ok
freestyle,rapid,2000 to 2099,-700 to -501,0.4989332869434799,0.42420448336027544,0.5775711801045658,39,ok
freestyle,rapid,2000 to 2099,-500 to -451,0.5026863952238994,0.4170253172101061,0.6032067941023174,29,ok
freestyle,rapid,2000 to 2099,-450 to -351,0.5106051113939769,0.43739900668324955,0.5927324033913416,29,ok
freestyle,rapid,2000 to 2099,-350 to -251,0.5525289519742391,0.47223159874964693,0.6347382847044537,40,ok
freestyle,rapid,2000 to 2099,-250 to -201,0.541542719653066,0.45045835106809,0.6408045825570176,27,ok
freestyle,rapid,2000 to 2099,-200 to -151,0.49475850474755734,0.42434740769408974,0.5741955309370135,35,ok
freestyle,rapid,2000 to 2099,-150 to -51,0.48090321401181685,0.3995242561508728,0.5655425007096458,34,ok
freestyle,rapid,2000 to 2099,-50+,0.48337113169673,0.41463967614321195,0.5625721421647848,35,ok
freestyle,rapid,2100 to 2199,-650 to -451,0.5551894597296145,0.45790123126575316,0.6412151309397661,29,ok
freestyle,rapid,2100 to 2199,-450 to -401,0.5639991554041004,0.45452625796153223,0.6680263758996337,24,ok
freestyle,rapid,2100 to 2199,-400 to -351,0.4653358800824972,0.38990752310159515,0.5437027962640361,31,ok
freestyle,rapid,2100 to 2199,-350 to -301,0.5126961112993458,0.442277342699995,0.5863252918959659,34,ok
freestyle,rapid,2100 to 2199,-300 to -251,0.4722527305107357,0.39926544353296417,0.5419682734824723,30,ok
freestyle,rapid,2100 to 2199,-250 to -201,0.49809506167238604,0.4301623889971061,0.5690010887300622,28,ok
freestyle,rapid,2100 to 2199,-200 to -151,0.47828823522734926,0.3984694777456639,0.5678365460965544,28,ok
freestyle,rapid,2100 to 2199,-150 to -101,0.514047622835567,0.43373282150655257,0.6042535120593335,29,ok
freestyle,rapid,2100 to 2199,-100 to -51,0.45107398916927577,0.3457218295055226,0.5639910321567038,22,ok
freestyle,rapid,2100 to 2199,-50 to -1,0.4656162653203281,0.38806304024038824,0.5494352022687888,22,ok
freestyle,rapid,2100 to 2199,0 to 99,0.44732201998605914,0.3654417534169899,0.541184028885834,35,ok
freestyle,rapid,2100 to 2199,100+,0.4854729125603709,0.3996070906405753,0.5759336829584824,22,ok
freestyle,rapid,2200 to 2299,-500 to -401,0.47706807430747983,0.402918022929418,0.5601189228192246,22,ok
freestyle,rapid,2200 to 2299,-400 to -351,0.4741389786132859,0.39090806845859705,0.5711149259948901,27,ok
freestyle,rapid,2200 to 2299,-350 to -301,0.47556598121763527,0.4196708435312865,0.5353058415578702,45,ok
freestyle,rapid,2200 to 2299,-300 to -251,0.5002426559097054,0.43162186629668997,0.5815289486690988,50,ok
freestyle,rapid,2200 to 2299,-250 to -201,0.4634486886596751,0.40049823908894167,0.5289527430194905,48,ok
freestyle,rapid,2200 to 2299,-200 to -151,0.454901313892108,0.3815716905107606,0.5423853394895649,22,ok
freestyle,rapid,2200 to 2299,-150 to -101,0.3766405972980727,0.33206521738576894,0.43310080009322444,33,ok
freestyle,rapid,2200 to 2299,-100 to -51,0.45295240326930075,0.38907697205537073,0.5183657087922251,41,ok
freestyle,rapid,2200 to 2299,-50 to -1,0.435631028570377,0.3699227133236856,0.5185399100080712,32,ok
freestyle,rapid,2200 to 2299,0 to 49,0.4458592418485905,0.37879023468148365,0.5180009219441445,35,ok
freestyle,rapid,2200 to 2299,50 to 99,0.5115860685386892,0.43885220312965756,0.5869648861227066,24,ok
freestyle,rapid,2200 to 2299,100 to 149,0.5142867888392145,0.4292935881212739,0.5959270383506808,23,ok
freestyle,rapid,2200 to 2299,150 to 199,0.5136315473948531,0.435400041219723,0.6017722343379146,34,ok
freestyle,rapid,2200 to 2299,200+,0.5036008889770347,0.4071493448787529,0.587392899612619,27,ok
freestyle,rapid,2300 to 2399,-400 to -301,0.530915409039522,0.44913548791684343,0.6097646695118503,31,ok
freestyle,rapid,2300 to 2399,-300 to -251,0.4912015562143593,0.4032694811817629,0.5825431225635475,34,ok
freestyle,rapid,2300 to 2399,-250 to -201,0.5065875190617944,0.44916853606692697,0.5681750857146108,43,ok
freestyle,rapid,2300 to 2399,-200 to -151,0.45646463969239026,0.3998185461447114,0.5196807868897185,47,ok
freestyle,rapid,2300 to 2399,-150 to -101,0.4621489797904687,0.4069607548448564,0.5193770000258139,52,ok
freestyle,rapid,2300 to 2399,-100 to -51,0.46267855354648935,0.3849915820548586,0.5545834704332184,25,ok
freestyle,rapid,2300 to 2399,-50 to -1,0.544944425213422,0.4451875938187436,0.6383495877421834,29,ok
freestyle,rapid,2300 to 2399,0 to 49,0.478625645996641,0.4062158103488758,0.5651345711996835,31,ok
freestyle,rapid,2300 to 2399,50 to 99,0.44262142081898936,0.37588370844891744,0.5224346321357324,38,ok
freestyle,rapid,2300 to 2399,100 to 149,0.4316562345547464,0.36427303518725046,0.514527699175019,34,ok
freestyle,rapid,2300 to 2399,150 to 199,0.43509006795277594,0.36115464223633226,0.5100025726156538,25,ok
freestyle,rapid,2300 to 2399,200 to 249,0.5401610422250984,0.4680106546079861,0.6287347278880819,27,ok
freestyle,rapid,2300 to 2399,250+,0.569571015405913,0.48881650428581513,0.6572131160700831,37,ok
freestyle,rapid,2400 to 2499,-400 to -201,0.5624714956900428,0.4984745285896047,0.6315223888134844,38,ok
freestyle,rapid,2400 to 2499,-200 to -151,0.5050759098231988,0.45051788845066426,0.5733796525911048,38,ok
freestyle,rapid,2400 to 2499,-150 to -101,0.5268527831287418,0.46634248468768746,0.5885784199887913,59,ok
freestyle,rapid,2400 to 2499,-100 to -51,0.5348477047412533,0.469989883829421,0.6049346993863134,56,ok
freestyle,rapid,2400 to 2499,-50 to -1,0.4891085468649359,0.42283496209987004,0.5635252306283933,54,ok
freestyle,rapid,2400 to 2499,0 to 49,0.472142424495119,0.40333235782099436,0.5434376574378527,35,ok
freestyle,rapid,2400 to 2499,50 to 99,0.5345292156228212,0.4196601362992357,0.6419057952231676,26,ok
freestyle,rapid,2400 to 2499,100 to 149,0.432158482683332,0.3757729734091162,0.4966755558738575,52,ok
freestyle,rapid,2400 to 2499,150 to 199,0.48469373812637323,0.39316063776970617,0.5869614210361951,22,ok
freestyle,rapid,2400 to 2499,200 to 249,0.5193441165946361,0.46549514732991737,0.5793583459904657,37,ok
freestyle,rapid,2400 to 2499,250 to 299,0.510310008541885,0.44619046094512943,0.5874534981969193,31,ok
freestyle,rapid,2400 to 2499,300 to 349,0.5254664804483627,0.4545558864844874,0.605963875176328,22,ok
freestyle,rapid,2400 to 2499,350+,0.5281301015571412,0.4449009479511821,0.6272631226096266,38,ok
freestyle,rapid,2500 to 2599,-250 to -151,0.5192884871708905,0.452214213564627,0.5873934018198367,40,ok
freestyle,rapid,2500 to 2599,-150 to -101,0.538891819604468,0.48562326379642445,0.5959837892593186,63,ok
freestyle,rapid,2500 to 2599,-100 to -51,0.5285788599471886,0.4903966881409179,0.5674975117834261,93,ok
freestyle,rapid,2500 to 2599,-50 to -1,0.5007812475532607,0.46093860133916875,0.5467023282450936,111,ok
freestyle,rapid,2500 to 2599,0 to 49,0.5280617322782118,0.48495327107500347,0.5704531689337826,105,ok
freestyle,rapid,2500 to 2599,50 to 99,0.5083943775421874,0.46083978650539126,0.5561931198765558,72,ok
freestyle,rapid,2500 to 2599,100 to 149,0.4971178166139203,0.43371911348061615,0.5597407589656431,61,ok
freestyle,rapid,2500 to 2599,150 to 199,0.45511851360576844,0.40242618799863666,0.5045522923600249,48,ok
freestyle,rapid,2500 to 2599,200 to 249,0.5035300982618359,0.4448615889977653,0.5664384059901583,51,ok
freestyle,rapid,2500 to 2599,250 to 299,0.4735819484580136,0.4122539765710855,0.5297006435008044,51,ok
freestyle,rapid,2500 to 2599,300 to 349,0.4870410597825218,0.4278165786966637,0.5517891965597217,51,ok
freestyle,rapid,2500 to 2599,350 to 399,0.530882795381126,0.45337853438745174,0.6102156804618477,31,ok
freestyle,rapid,2500 to 2599,400 to 449,0.593222655852058,0.5217413841114125,0.666250236374051,26,ok
freestyle,rapid,2500 to 2599,450 to 499,0.5061200750340833,0.4116625739806084,0.5944195542860731,24,ok
freestyle,rapid,2500 to 2599,500+,0.4831113238787223,0.38782160138959687,0.5857521999736436,22,ok
freestyle,rapid,2600 to 2699,-250 to -101,0.5389581329927832,0.51196605549474,0.564005358779538,65,ok
freestyle,rapid,2600 to 2699,-100 to -51,0.582929002331663,0.5343264391371585,0.6214338608277465,143,ok
freestyle,rapid,2600 to 2699,-50 to -1,0.5342874275389309,0.48006634272436816,0.5808414319829989,99,ok
freestyle,rapid,2600 to 2699,0 to 49,0.5137266074913341,0.4793887037105739,0.5503687634504554,112,ok
freestyle,rapid,2600 to 2699,50 to 99,0.513885347360838,0.4609201679467056,0.565380089693866,91,ok
freestyle,rapid,2600 to 2699,100 to 149,0.5091750657031464,0.45369047331389345,0.56965355320717,54,ok
freestyle,rapid,2600 to 2699,150 to 199,0.5418235289798992,0.4799786144043947,0.6140592807626816,44,ok
freestyle,rapid,2600 to 2699,200 to 249,0.5063842595443934,0.42187410280765814,0.5968851700900937,30,ok
freestyle,rapid,2600 to 2699,250 to 299,0.4505762018195725,0.37529544368165546,0.5229457130946593,36,ok
freestyle,rapid,2600 to 2699,300 to 349,0.5334455157004032,0.45134233553573655,0.6114254281075113,30,ok
freestyle,rapid,2600 to 2699,350 to 399,0.4981171959640879,0.4396846421224396,0.5725887760238516,27,ok
freestyle,rapid,2600 to 2699,400 to 449,0.5514207487034483,0.4649354479588594,0.6463875268643628,21,ok
freestyle,rapid,2600 to 2699,450+,0.5256698480423326,0.4526728936278389,0.5995230760333019,42,ok
freestyle,rapid,2700 to 2799,-150 to -101,0.5959186607925686,0.5409302575844105,0.6280640285101687,21,ok
freestyle,rapid,2700 to 2799,-100 to -51,0.5423087906118997,0.478893437264274,0.602227105620725,34,ok
freestyle,rapid,2700 to 2799,-50 to -1,0.5346203302423177,0.5032337065035231,0.57356201105067,99,ok
freestyle,rapid,2700 to 2799,0 to 49,0.5448111468199479,0.5145702344773965,0.5673142150815256,115,ok
freestyle,rapid,2700 to 2799,50 to 99,0.5446939220411032,0.5095917704899625,0.5818794059094918,132,ok
freestyle,rapid,2700 to 2799,100 to 149,0.5058211615624016,0.44408949401877845,0.54459684770398,72,ok
freestyle,rapid,2700 to 2799,150 to 249,0.4994335255631954,0.4317384937867022,0.5817533112390398,28,ok
freestyle,rapid,2700 to 2799,250+,0.6261575675867331,0.526663341854705,0.796326796585623,19,insufficient_n (<20)
freestyle,rapid,2800+,50 to 99,0.5750202585488314,,,24,single_cluster
freestyle,rapid,2800+,100+,0.5455788275085917,,,42,single_cluster
standard,classical,2000 to 2099,-550+,0.47658891482284865,0.4077819457606874,0.5429171451115292,13,insufficient_n (<20)
standard,classical,2100 to 2199,-550 to -301,0.41018349038397844,0.3405042380203987,0.48154631443159235,25,ok
standard,classical,2100 to 2199,-300 to -251,0.4108059488535743,0.33141099993266804,0.500147758752932,22,ok
standard,classical,2100 to 2199,-250 to -201,0.4343676908551812,0.29458304390584034,0.5700044525378148,15,insufficient_n (<20)
standard,classical,2100 to 2199,-200 to -151,0.5014235634854589,0.4134717581849334,0.5823844019177393,34,ok
standard,classical,2100 to 2199,-150 to -101,0.48637806037455744,0.4306220370963907,0.5397089603444237,57,ok
standard,classical,2100 to 2199,-100 to -51,0.5367806000261751,0.4685703545847163,0.6092711024408285,38,ok
standard,classical,2100 to 2199,-50 to -1,0.20966024706247746,0.1820938397701883,0.22344345070862207,3,insufficient_n (<20)
standard,classical,2100 to 2199,0 to 49,0.3040247269702732,0.09933137267258063,0.7134114355656583,3,insufficient_n (<20)
standard,classical,2100 to 2199,50+,0.4048483569424665,0.31398958369523633,0.5331485152202947,8,insufficient_n (<20)
standard,classical,2200 to 2299,-450 to -301,0.40217663384087987,0.35979603769042706,0.44494252781662225,49,ok
standard,classical,2200 to 2299,-300 to -201,0.3967294940755788,0.3473567711102527,0.44817512678832855,38,ok
standard,classical,2200 to 2299,-200 to -151,0.49184205380186385,0.4209421718604601,0.5670231906267754,37,ok
standard,classical,2200 to 2299,-150 to -101,0.4309324572341633,0.36085549972861286,0.5043166225447119,41,ok
standard,classical,2200 to 2299,-100 to -51,0.4397382542549854,0.3512753891347669,0.5655534638039444,20,ok
standard,classical,2200 to 2299,-50 to 49,0.39209711992786206,0.2361532841271101,0.5922268145734886,12,insufficient_n (<20)
standard,classical,2200 to 2299,50 to 99,0.48755839848136906,0.39999727677999714,0.5810363444246627,32,ok
standard,classical,2200 to 2299,100 to 149,0.5148545383059734,0.44732576039526517,0.5844340900956587,50,ok
standard,classical,2200 to 2299,150+,0.48893611197486553,0.3461775629627622,0.6304367173869938,9,insufficient_n (<20)
standard,classical,2300 to 2399,-350 to -301,0.4161899421518851,0.3412699482261745,0.4914961453282001,29,ok
standard,classical,2300 to 2399,-300 to -251,0.35963639584324947,0.2821117378724119,0.43600992691534024,25,ok
standard,classical,2300 to 2399,-250 to -201,0.4560724460028047,0.3878399156834355,0.5327355481316626,24,ok
standard,classical,2300 to 2399,-200 to -151,0.3986469331767118,0.3334367695702998,0.4566227165112176,46,ok
standard,classical,2300 to 2399,-150 to -101,0.4556416334967929,0.3924767595232886,0.5132361189957346,72,ok
standard,classical,2300 to 2399,-100 to 49,0.47927267144962343,0.37434369860795014,0.5827533597450046,27,ok
standard,classical,2300 to 2399,50 to 99,0.46564691968432187,0.37145854359612035,0.5495561385877528,23,ok
standard,classical,2300 to 2399,100 to 149,0.46734915792598486,0.39459378605106693,0.5313895981954798,27,ok
standard,classical,2300 to 2399,150 to 199,0.5255173189831887,0.4565104347695316,0.6019391075975297,38,ok
standard,classical,2300 to 2399,200+,0.552813202191899,0.4060198830796728,0.7054051020403451,15,insufficient_n (<20)
standard,classical,2400 to 2499,-350 to -201,0.4281752372905299,0.37491828295594465,0.49555006772764476,41,ok
standard,classical,2400 to 2499,-200 to -151,0.41373452948082906,0.37654272564865904,0.45287303041700894,135,ok
standard,classical,2400 to 2499,-150 to -101,0.4257539429728172,0.3874124045228344,0.4682428974171818,156,ok
standard,classical,2400 to 2499,-100 to -51,0.4436492287416933,0.37095554346287646,0.5316574129825852,25,ok
standard,classical,2400 to 2499,-50 to 99,0.34487243911399124,0.26310599208651897,0.44692496460766024,26,ok
standard,classical,2400 to 2499,100 to 149,0.4131209923679072,0.3569244481151639,0.4688405886137991,69,ok
standard,classical,2400 to 2499,150 to 199,0.46521644887296676,0.39841055349439614,0.5380079940467837,44,ok
standard,classical,2400 to 2499,200 to 249,0.38277171421138173,0.3130499919939689,0.45264901297920385,19,insufficient_n (<20)
standard,classical,2400 to 2499,250+,0.4005270171223416,0.30014501221949236,0.5026369924988394,19,insufficient_n (<20)
standard,classical,2500 to 2599,-250 to -201,0.34895155269823314,0.29289241226437657,0.4138804395674377,12,insufficient_n (<20)
standard,classical,2500 to 2599,-200 to -151,0.3979701623980291,0.34440464068292637,0.4556271240010537,39,ok
standard,classical,2500 to 2599,-150 to -101,0.3958021474840796,0.3596678697854211,0.43506851030793403,132,ok
standard,classical,2500 to 2599,-100 to -51,0.3972928655363861,0.36477140716186485,0.4345540102713761,308,ok
standard,classical,2500 to 2599,-50 to -1,0.40008742299862415,0.3670741952855791,0.4325807940457265,155,ok
standard,classical,2500 to 2599,0 to 49,0.3419735199562021,0.2856344749654218,0.40038721057852755,49,ok
standard,classical,2500 to 2599,50 to 99,0.3856192535079922,0.306025391411943,0.4713032981121599,46,ok
standard,classical,2500 to 2599,100 to 149,0.40676663276830793,0.36441326512955957,0.4512814815083725,153,ok
standard,classical,2500 to 2599,150 to 199,0.3613311171151359,0.3005654930359464,0.42108479569072493,65,ok
standard,classical,2500 to 2599,200 to 299,0.38093504977549564,0.30548625497167653,0.457693803769162,38,ok
standard,classical,2500 to 2599,300+,0.37119944457234577,0.31334317177460697,0.4282621011024452,39,ok
standard,classical,2600 to 2699,-200 to -101,0.3698332175640967,0.33571070840774064,0.408901629027822,135,ok
standard,classical,2600 to 2699,-100 to -51,0.3769669698614739,0.3444295834020641,0.41164357126627293,309,ok
standard,classical,2600 to 2699,-50 to -1,0.4030001291121258,0.37412613747886675,0.43214274273989434,367,ok
standard,classical,2600 to 2699,0 to 49,0.40222379914572337,0.3731731237790265,0.43085807094453,455,ok
standard,classical,2600 to 2699,50 to 99,0.3944527166526191,0.3712118745932047,0.418388032074522,415,ok
standard,classical,2600 to 2699,100 to 149,0.4123705872415712,0.3652902065791065,0.4610191074106684,150,ok
standard,classical,2600 to 2699,150 to 199,0.4033491268051355,0.35907990098088843,0.45013155760158463,107,ok
standard,classical,2600 to 2699,200 to 249,0.34488083120310337,0.29022149271334624,0.4038160387899231,46,ok
standard,classical,2600 to 2699,250 to 299,0.33703529615635075,0.2520894816051186,0.4242306415283946,17,insufficient_n (<20)
standard,classical,2600 to 2699,300 to 349,0.38222632025344133,0.3388248766529672,0.4284647182344009,44,ok
standard,classical,2600 to 2699,350+,0.38565370545842154,0.30798326793807673,0.476803410060779,18,insufficient_n (<20)
standard,classical,2700 to 2799,-100 to -51,0.41868193010130095,0.3427399346800474,0.49613062115491574,30,ok
standard,classical,2700 to 2799,-50 to -1,0.36634970657541716,0.32893596697351846,0.4068120092021841,135,ok
standard,classical,2700 to 2799,0 to 49,0.37683086587184084,0.3390242359449058,0.4199997683017226,154,ok
standard,classical,2700 to 2799,50 to 99,0.37847190989044266,0.3544053077084323,0.4016778052411024,182,ok
standard,classical,2700 to 2799,100 to 149,0.3499331595236894,0.3253684338764688,0.3749628778666451,140,ok
standard,classical,2700 to 2799,150 to 199,0.4085402283350055,0.3304592312172136,0.4871546094489749,26,ok
standard,classical,2700 to 2799,200+,0.33486531805585734,0.2682341701693263,0.40804437581513614,14,insufficient_n (<20)
standard,classical,2800+,-50+,0.3800139624644636,0.36376960046405876,0.3939437673182678,35,ok
standard,rapid,2000 to 2099,-700 to -501,0.4431905236837408,0.38340751302490567,0.5031845872948592,32,ok
standard,rapid,2000 to 2099,-500 to -451,0.41603760282943575,0.3475941570790783,0.4919412521219523,24,ok
standard,rapid,2000 to 2099,-450 to -401,0.4078618435514416,0.36652310903348967,0.4519861742823098,68,ok
standard,rapid,2000 to 2099,-400 to -351,0.40582934473344334,0.3640506974624168,0.44952429545788314,78,ok
standard,rapid,2000 to 2099,-350 to -301,0.34662936929969795,0.3153670084578521,0.3803848229327562,95,ok
standard,rapid,2000 to 2099,-300 to -251,0.3628024158474536,0.3305082855980592,0.39562293081354494,116,ok
standard,rapid,2000 to 2099,-250 to -201,0.3620156601070687,0.3286430922908692,0.39689352617256884,110,ok
standard,rapid,2000 to 2099,-200 to -151,0.3596974657680699,0.32806692494834744,0.38751070675346777,103,ok
standard,rapid,2000 to 2099,-150 to -101,0.43365328231418293,0.3669245631698583,0.5070579330295524,60,ok
standard,rapid,2000 to 2099,-100 to -51,0.3564694705702211,0.2688479268296983,0.44581784169889377,30,ok
standard,rapid,2000 to 2099,-50+,0.36518592324432153,0.30101678584127256,0.4257015403424223,26,ok
standard,rapid,2100 to 2199,-600 to -451,0.41474461878545194,0.3461786706544471,0.49181884761925787,32,ok
standard,rapid,2100 to 2199,-450 to -401,0.3881213280489126,0.3455506371568806,0.4278348705813308,61,ok
standard,rapid,2100 to 2199,-400 to -351,0.39547440467061323,0.3417289628205733,0.4442851573503098,67,ok
standard,rapid,2100 to 2199,-350 to -301,0.3894770735595286,0.3438962828368551,0.43687864972462864,92,ok
standard,rapid,2100 to 2199,-300 to -251,0.371666608714504,0.3400491969789446,0.40397050928901707,140,ok
standard,rapid,2100 to 2199,-250 to -201,0.3597323691479267,0.33412410039089235,0.3861062171762542,195,ok
standard,rapid,2100 to 2199,-200 to -151,0.37317172232389,0.3420250421692395,0.4063180457006446,126,ok
standard,rapid,2100 to 2199,-150 to -101,0.3549588886370896,0.32160495778161324,0.3869131368759784,142,ok
standard,rapid,2100 to 2199,-100 to -51,0.4048151331126548,0.33403443602649696,0.4747909622705996,42,ok
standard,rapid,2100 to 2199,-50 to -1,0.2853465656150929,0.21838710991708987,0.3285295290815585,15,insufficient_n (<20)
standard,rapid,2100 to 2199,0 to 49,0.35433659965208414,0.2581138449987708,0.47284199853168835,16,insufficient_n (<20)
standard,rapid,2100 to 2199,50 to 99,0.3602025473945562,0.3071154402807997,0.41892705102772254,37,ok
standard,rapid,2100 to 2199,100+,0.4010702474371026,0.3351292040601097,0.4703218244992905,54,ok
standard,rapid,2200 to 2299,-500 to -401,0.3559554034389554,0.2758891908990476,0.4427431620123777,21,ok
standard,rapid,2200 to 2299,-400 to -351,0.355871942854211,0.3139450237607288,0.3966032134861341,43,ok
standard,rapid,2200 to 2299,-350 to -301,0.3563932300218204,0.30897574914453174,0.40283645694337217,54,ok
standard,rapid,2200 to 2299,-300 to -251,0.39349180287698615,0.35518208387495853,0.43278059696239696,85,ok
standard,rapid,2200 to 2299,-250 to -201,0.37643690657973955,0.3489558854394066,0.4064060978822531,170,ok
standard,rapid,2200 to 2299,-200 to -151,0.3782513312508949,0.3425414232399312,0.41555515429491674,168,ok
standard,rapid,2200 to 2299,-150 to -101,0.36461248504290084,0.3392847192825296,0.39180133516659216,174,ok
standard,rapid,2200 to 2299,-100 to -51,0.37617726961986925,0.33329366350908995,0.42175238591606046,105,ok
standard,rapid,2200 to 2299,-50 to -1,0.38164994403723557,0.32159661117085137,0.4442072783386992,43,ok
standard,rapid,2200 to 2299,0 to 49,0.37515652665548616,0.2950767317495641,0.46606981166728145,26,ok
standard,rapid,2200 to 2299,50 to 99,0.3640396517043734,0.31463332351683543,0.40974028402692547,56,ok
standard,rapid,2200 to 2299,100 to 149,0.34097994410514115,0.30001576881120573,0.3848833004084992,127,ok
standard,rapid,2200 to 2299,150 to 199,0.35651926998718575,0.32196531158655534,0.39156125420266075,115,ok
standard,rapid,2200 to 2299,200 to 249,0.37832104815613726,0.3407467016288404,0.41770237901400975,77,ok
standard,rapid,2200 to 2299,250+,0.3257429587789858,0.2677116763634853,0.39182997830571953,28,ok
standard,rapid,2300 to 2399,-450 to -351,0.3626182142114249,0.2676457694836425,0.4683786848073371,20,ok
standard,rapid,2300 to 2399,-350 to -301,0.34430275596549353,0.2800914682543594,0.42146001193603705,30,ok
standard,rapid,2300 to 2399,-300 to -251,0.3211844211313836,0.2805796110268714,0.36727058603998847,65,ok
standard,rapid,2300 to 2399,-250 to -201,0.37409212072051135,0.343563043275566,0.4039229804099215,172,ok
standard,rapid,2300 to 2399,-200 to -151,0.3673200287073026,0.34200329468296004,0.3933298131583894,229,ok
standard,rapid,2300 to 2399,-150 to -101,0.34849250475662447,0.321600811553283,0.3757749334935474,223,ok
standard,rapid,2300 to 2399,-100 to -51,0.42175879418770545,0.3740985506384332,0.4670218044792659,153,ok
standard,rapid,2300 to 2399,-50 to -1,0.3782972949566179,0.3406030393176757,0.4171265949629301,109,ok
standard,rapid,2300 to 2399,0 to 49,0.3601192263835781,0.3082537200376713,0.408636738778555,85,ok
standard,rapid,2300 to 2399,50 to 99,0.38405296134973793,0.3464496918353913,0.42075209721090917,135,ok
standard,rapid,2300 to 2399,100 to 149,0.3662736269549169,0.33406881800533444,0.39845141015853164,161,ok
standard,rapid,2300 to 2399,150 to 199,0.35174410933180245,0.3222184297018411,0.3839334591281315,145,ok
standard,rapid,2300 to 2399,200 to 249,0.34109988315846723,0.3115967401554739,0.3716834119281585,195,ok
standard,rapid,2300 to 2399,250 to 299,0.35005889704255,0.31014593502648924,0.39206120433323693,102,ok
standard,rapid,2300 to 2399,300 to 349,0.30280311595907444,0.25490824491219405,0.35621870518680687,71,ok
standard,rapid,2300 to 2399,350+,0.3042934935452628,0.26118369729690527,0.3528380564108362,29,ok
standard,rapid,2400 to 2499,-400 to -251,0.35131329424290875,0.30643446341752334,0.3983718363786957,74,ok
standard,rapid,2400 to 2499,-250 to -201,0.33178671218073186,0.2970241158709,0.3658793032575759,102,ok
standard,rapid,2400 to 2499,-200 to -151,0.35347895841193244,0.32747122883532015,0.381208381076626,236,ok
standard,rapid,2400 to 2499,-150 to -101,0.3334340027557005,0.3096735779271734,0.3590344107279976,342,ok
standard,rapid,2400 to 2499,-100 to -51,0.3961766825147567,0.35465807624561757,0.43954430843568676,158,ok
standard,rapid,2400 to 2499,-50 to -1,0.45259393994709757,0.3934134362985121,0.5104122809656675,159,ok
standard,rapid,2400 to 2499,0 to 49,0.4111214453766111,0.36551486564353475,0.45506396969884394,180,ok
standard,rapid,2400 to 2499,50 to 99,0.42200383451338713,0.3824295655684234,0.4608972805754931,151,ok
standard,rapid,2400 to 2499,100 to 149,0.34945051855238524,0.31814450947417405,0.3830414014183719,192,ok
standard,rapid,2400 to 2499,150 to 199,0.358937837817645,0.32825169750400546,0.3877682626690224,181,ok
standard,rapid,2400 to 2499,200 to 249,0.36075150156085045,0.33432615593845655,0.3896531986480472,161,ok
standard,rapid,2400 to 2499,250 to 299,0.33536157292155594,0.3055580728535554,0.36703020237783435,126,ok
standard,rapid,2400 to 2499,300 to 349,0.3695399484644162,0.3281346797964924,0.41402552359377415,99,ok
standard,rapid,2400 to 2499,350 to 399,0.4229472017165477,0.370041396696358,0.47787760485332714,69,ok
standard,rapid,2400 to 2499,400+,0.3899069933855662,0.34257315749202005,0.4386415061213002,55,ok
standard,rapid,2500 to 2599,-300 to -201,0.3823913053668622,0.3287856299313282,0.43373683507393956,49,ok
standard,rapid,2500 to 2599,-200 to -151,0.348372374783878,0.31481372899384147,0.38565289189162305,125,ok
standard,rapid,2500 to 2599,-150 to -101,0.37059133365430585,0.34343409312933487,0.40023525407478505,241,ok
standard,rapid,2500 to 2599,-100 to -51,0.39166160192811494,0.357403304565326,0.42748001959712517,177,ok
standard,rapid,2500 to 2599,-50 to -1,0.38776801168201336,0.34319103659238026,0.4358011984310625,114,ok
standard,rapid,2500 to 2599,0 to 49,0.4186170332881386,0.3527083637009575,0.49335983873188255,106,ok
standard,rapid,2500 to 2599,50 to 99,0.4050590842940762,0.3615697587971146,0.45107690098862585,166,ok
standard,rapid,2500 to 2599,100 to 149,0.31275159640136885,0.28918225306492185,0.33529588330286064,329,ok
standard,rapid,2500 to 2599,150 to 199,0.3303430987546987,0.3019076324683473,0.3597720563795129,246,ok
standard,rapid,2500 to 2599,200 to 249,0.3592892554234623,0.3275989824453833,0.3910852012277794,176,ok
standard,rapid,2500 to 2599,250 to 299,0.3602091952974233,0.3186653864271059,0.40241438737837015,76,ok
standard,rapid,2500 to 2599,300 to 349,0.3192442412120107,0.2788794202526422,0.3612676401108473,73,ok
standard,rapid,2500 to 2599,350 to 399,0.3424354924230989,0.30108987397960885,0.3869382872772467,62,ok
standard,rapid,2500 to 2599,400 to 449,0.33849179294216786,0.2955536675824562,0.38629251291204075,71,ok
standard,rapid,2500 to 2599,450+,0.37640926908064093,0.31654088841407274,0.4395309557306637,30,ok
standard,rapid,2600 to 2699,-250 to -101,0.4251609764120927,0.36450119978533885,0.48431345844139934,86,ok
standard,rapid,2600 to 2699,-100 to -51,0.36928040151750935,0.33016788022373356,0.42039633411769617,160,ok
standard,rapid,2600 to 2699,-50 to -1,0.3561197662008075,0.31551527321984646,0.401224199023265,176,ok
standard,rapid,2600 to 2699,0 to 49,0.3464735004902362,0.30683707648787467,0.388196642524012,156,ok
standard,rapid,2600 to 2699,50 to 99,0.35357937807529427,0.319071297656704,0.3881042009873039,174,ok
standard,rapid,2600 to 2699,100 to 149,0.33671711615717237,0.3014945216716286,0.3722858757290076,289,ok
standard,rapid,2600 to 2699,150 to 199,0.33535477969488875,0.30606462660921513,0.36660215384453326,203,ok
standard,rapid,2600 to 2699,200 to 249,0.2964071839388226,0.26831304261421146,0.32868065754467085,110,ok
standard,rapid,2600 to 2699,250 to 299,0.32229657135053114,0.27762906622670325,0.36796597423236654,73,ok
standard,rapid,2600 to 2699,300 to 349,0.3669895471129788,0.3219955005482862,0.4401981319811966,27,ok
standard,rapid,2600 to 2699,350 to 399,0.36552483750817216,0.3098910028361364,0.4312633809739934,35,ok
standard,rapid,2600 to 2699,400 to 449,0.3569296763964451,0.3129386753449936,0.394297037793241,24,ok
standard,rapid,2600 to 2699,450 to 499,0.44244032098055375,0.33988835945982065,0.554661063079178,20,ok
standard,rapid,2600 to 2699,500+,0.382787218529888,0.33252405753070213,0.4409974719592455,25,ok
standard,rapid,2700 to 2799,-150 to -51,0.4492335340447471,0.3193506783618395,0.5430263420909177,19,insufficient_n (<20)
standard,rapid,2700 to 2799,-50 to -1,0.28427712277569467,0.24764407413266748,0.3198233797848183,94,ok
standard,rapid,2700 to 2799,0 to 49,0.3188411189768014,0.2739666150043282,0.37286924963015855,149,ok
standard,rapid,2700 to 2799,50 to 99,0.3342797734529429,0.29136013294545254,0.3838099125056482,125,ok
standard,rapid,2700 to 2799,100 to 149,0.3793296999682559,0.31796964644851333,0.4492344447724789,105,ok
standard,rapid,2700 to 2799,150 to 199,0.3339010339867602,0.282471300255592,0.386971453922876,97,ok
standard,rapid,2700 to 2799,200 to 249,0.297892829114593,0.25505966313371026,0.34922793067532365,77,ok
standard,rapid,2700 to 2799,250 to 299,0.3205902684666295,0.26938556213475723,0.3696500401335406,34,ok
standard,rapid,2700 to 2799,300 to 349,0.31698094584164876,0.2660474819351726,0.37766419446445043,22,ok
standard,rapid,2700 to 2799,350+,0.3104650563310123,0.241944305531218,0.3845800159292674,29,ok
standard,rapid,2800+,0+,0.36938125346435413,,,46,single_cluster
