cell,baseline,min,min_excluding,max,max_excluding,n_exclusions,sd_order_never_flips
C2 classical/2000 to 2099 p-value,0.003858170979402892,0.0028990936006851775,lichess_Grenke-chess-festival-2026-freestyle-open_2026.04.06.pgn (48.7% of freestyle-side cell volume),0.11163852000198247,36th Cracovia Open A (75.6% of standard-side cell volume),7,True
C2 classical/2100 to 2199 p-value,2.147737750742839e-23,6.463849789918179e-24,FIDE World Cup 2025 - Classical (1.2% of standard-side cell volume),7.5016451841505e-06,36th Cracovia Open A (86.7% of standard-side cell volume),7,True
C2 classical/2200 to 2299 p-value,1.6668848587041452e-20,1.831614726353208e-21,Biel960Swiss.pgn (3.8% of freestyle-side cell volume),8.588438576848902e-11,36th Cracovia Open A (62.5% of standard-side cell volume),8,True
C2 classical/2300 to 2399 p-value,4.1476889371402385e-20,1.3775554774831844e-21,lichess_Grenke-chess-festival-2026-freestyle-open_2026.04.06.pgn (46.4% of freestyle-side cell volume),6.641524970628286e-12,25th ch-EUR Indiv 2025 (44.6% of standard-side cell volume),8,True
C2 classical/2400 to 2499 p-value,3.5489384108498613e-33,1.144509308373421e-33,Serbia Open 2025 Masters (12.2% of standard-side cell volume),1.2141608620452079e-17,25th ch-EUR Indiv 2025 (59.9% of standard-side cell volume),11,True
C2 classical/2500 to 2599 p-value,1.6279571161792255e-43,1.1065637229505531e-44,36th Cracovia Open A (1.4% of standard-side cell volume),3.4390311065449468e-25,lichess_Grenke-chess-festival-2025-freestyle-chess_2025.pgn (51.7% of freestyle-side cell volume),17,True
C2 classical/2600 to 2699 p-value,5.598013203786508e-70,4.26848435694298e-76,KazChess Masters 2025 (1.7% of standard-side cell volume),2.4178048208933217e-31,lichess_Grenke-chess-festival-2025-freestyle-chess_2025.pgn (61.0% of freestyle-side cell volume),26,True
C2 classical/2700 to 2799 p-value,1.1187143961105477e-41,7.084550344902917e-42,2nd UzChess Cup Masters (6.0% of standard-side cell volume),4.537361337618545e-35,weissenhausKO.pgn (10.4% of freestyle-side cell volume),20,True
C2 classical/2800+ p-value,0.0006127062088599062,0.0006132757860231977,lichess_Grenke-chess-festival-2026-freestyle-open_2026.04.06.pgn (18.8% of freestyle-side cell volume),0.03909194683682611,13th Norway Chess 2025 (43.5% of standard-side cell volume),6,True
C2 rapid/2000 to 2099 p-value,5.327516754160206e-34,1.563754239739788e-35,lichess_broadcast_6-internationales-schach960-festival_meLZLdUf_2025.03.30.pgn (9.3% of freestyle-side cell volume),1.1135475927418761e-27,WeissenhausPlayinSwiss_10+2.pgn (39.6% of freestyle-side cell volume),26,True
C2 rapid/2100 to 2199 p-value,1.0148089729920648e-53,4.1606532797506485e-54,Vaganian Cup Rapid 2025 (0.6% of standard-side cell volume),3.9527163442181476e-39,WeissenhausPlayinSwiss_10+2.pgn (36.5% of freestyle-side cell volume),29,True
C2 rapid/2200 to 2299 p-value,1.0317337181606534e-39,4.931240243490031e-46,WeissenhausPlayinSwiss_10+2.pgn (31.5% of freestyle-side cell volume),4.142492811954515e-32,ParisPlayinSwiss_10+2.pgn (34.5% of freestyle-side cell volume),30,True
C2 rapid/2300 to 2399 p-value,4.204002442704589e-102,8.372693486852913e-104,LasVegasPlayinSwiss_10+2.pgn (16.3% of freestyle-side cell volume),9.877804819904964e-73,WeissenhausPlayinSwiss_10+2.pgn (37.0% of freestyle-side cell volume),40,True
C2 rapid/2400 to 2499 p-value,1.2624398911932316e-84,6.056517785789709e-87,lichess_broadcast_6-internationales-schach960-festival_meLZLdUf_2025.03.30.pgn (8.8% of freestyle-side cell volume),1.838572383886077e-61,WeissenhausPlayinSwiss_10+2.pgn (28.8% of freestyle-side cell volume),42,True
C2 rapid/2500 to 2599 p-value,1.1763377516553534e-109,6.2207722527194986e-111,AccentusChess960Masters-Biel.pgn (1.2% of freestyle-side cell volume),3.6634698840790273e-88,World Rapid 2025 - Open 31 (25.9% of standard-side cell volume),46,True
C2 rapid/2600 to 2699 p-value,6.648962480746379e-96,5.4782755700793125e-99,WeissenhausRR.pgn (3.3% of freestyle-side cell volume),7.471718542848366e-82,2026-fide-freestyle-chess-world-championship-play-in-swiss.pgn (15.9% of freestyle-side cell volume),63,True
C2 rapid/2700 to 2799 p-value,1.2125742230159452e-55,5.54711377690654e-57,VegasIntermediate1_30+30.pgn (1.5% of freestyle-side cell volume),5.208402896464913e-47,TechM GCL 2025 (14.8% of standard-side cell volume),54,True
C2 rapid/2800+ p-value,0.0003465596982532682,0.00017764012102641324,FideFreestyleWC2026SF_25+10.pgn (6.0% of freestyle-side cell volume),0.003780527348604305,2025 Clutch Chess Champions Showdown (37.5% of standard-side cell volume),17,True
