format,band,n,unweighted_mean,weighted_mean,shift
classical,2000 to 2099,41,13.970499419279907,13.09326008177185,-0.8772393375080565
classical,2100 to 2199,682,12.45989670153893,12.318039322600843,-0.14185737893808792
classical,2200 to 2299,638,10.464309958588956,10.237775999122672,-0.22653395946628407
classical,2300 to 2399,547,9.706552344669348,9.567007253339506,-0.1395450913298415
classical,2400 to 2499,803,8.457324310531035,8.335349228404592,-0.12197508212644337
classical,2500 to 2599,1358,6.972277309501168,7.081380342174518,0.10910303267335042
classical,2600 to 2699,2723,6.015445303666016,6.070967984352516,0.05552268068650079
classical,2700 to 2799,1046,5.677658946110189,5.651983919231192,-0.025675026878997365
classical,2800+,46,4.965527950310559,4.622423805617157,-0.34310414469340156
rapid,2000 to 2099,856,15.836408516198237,15.973554883277124,0.13714636707888772
rapid,2100 to 2199,1256,14.508750706123319,14.808939952973823,0.3001892468505041
rapid,2200 to 2299,1527,12.862957191247956,13.161454105381974,0.29849691413401835
rapid,2300 to 2399,2268,11.329060412691366,11.565767859502769,0.236707446811403
rapid,2400 to 2499,2681,10.377775830825067,10.579260385914054,0.201484555088987
rapid,2500 to 2599,2332,9.029040219595537,9.257725202612253,0.22868498301671636
rapid,2600 to 2699,1758,8.073405574642777,8.038784117381914,-0.03462145726086341
rapid,2700 to 2799,880,7.002239414625778,7.091392982430118,0.08915356780434003
rapid,2800+,48,6.867757936507936,6.875484274082893,0.0077263375749572205
