fide_id,corpus_c960,n_games_c960,mean_opening_acpl_c960,mean_otr_c960,corpus_std,n_games_std,mean_opening_acpl_std,mean_otr_std
1039784,freestyle,9,25.110582010582007,0.6226168625372497,standard,61,7.251288056206089,0.3632384335032291
1046730,freestyle,17,14.623949579831933,0.6324501146987259,standard,9,8.533333333333333,0.39420391268468635
1130420,freestyle,9,15.519576719576719,0.5706994997720628,standard,12,10.621428571428572,0.4289370805255793
1170546,freestyle,9,9.631216931216931,0.7410483611851642,standard,18,5.1608465608465615,0.3125161963983353
1195360,freestyle,9,26.201587301587303,0.656424473832675,standard,10,9.015714285714285,0.268280246204699
12401137,freestyle,9,15.004232804232803,0.489001032308804,standard,17,5.9904761904761905,0.3067215633078236
12521213,freestyle,18,15.019841269841269,0.7733396517386093,standard,29,4.564094143404488,0.3304188889150219
12539929,freestyle,18,14.486772486772487,0.6374495091705792,standard,35,6.4078911564625844,0.4576980022998695
12573981,freestyle,6,22.74126984126984,0.5613779699018759,standard,38,5.617167919799499,0.36380404727487886
12908088,freestyle,6,16.29018759018759,0.6194808541257979,standard,11,9.737895437895437,0.44888670497737104
12909572,freestyle,9,15.75026455026455,0.5463671968024929,standard,31,5.522273425499232,0.32801818292301765
12923044,freestyle,9,12.856613756613756,0.6695116774074287,standard,49,5.459037900874636,0.3894081760806463
12940690,freestyle,30,9.488492063492064,0.6617663107427257,standard,70,5.7653741496598645,0.3619011572304335
12950378,freestyle,6,34.263492063492066,0.594137696253557,standard,14,9.061224489795917,0.28746121816328757
12993190,freestyle,8,20.470833333333335,0.7192211277814133,standard,8,7.644047619047619,0.44156589221968406
13300474,freestyle,20,12.778095238095236,0.46723071381226106,standard,48,5.129845848595848,0.33211518673097795
13401653,freestyle,18,19.874867724867723,0.597397358072818,standard,13,6.317582417582418,0.4107897081817967
13601520,freestyle,18,16.015079365079366,0.5459450315928449,standard,26,9.776495726495726,0.540214730156514
14203987,freestyle,9,12.813227513227513,0.6744258716627847,standard,61,6.614259692948218,0.49762285482789614
14204118,freestyle,21,14.58185941043084,0.551974528847893,standard,77,5.956462585034013,0.3444748063569784
14204223,freestyle,9,18.005291005291006,0.6216800984595474,standard,44,5.725865800865801,0.35568142272695813
14205483,freestyle,15,12.125396825396825,0.6494173348060407,standard,47,4.927745304341049,0.4686711457648792
14210444,freestyle,8,22.1375,0.6317949827710722,standard,9,7.449206349206349,0.29663165036557215
14403803,freestyle,18,15.356349206349206,0.5709392963871316,standard,10,8.158095238095239,0.2850547762888981
14508150,freestyle,9,14.273015873015872,0.5425295793942244,standard,26,7.54010989010989,0.3286037598655308
14531534,freestyle,9,12.677248677248677,0.6180409115287849,standard,11,8.542424242424243,0.29305830801576227
14915650,freestyle,8,9.85297619047619,0.5580869263037526,standard,6,9.665873015873016,0.3053966891716557
1503014,freestyle,30,10.886825396825397,0.623544425575778,standard,10,4.5338095238095235,0.37171000979610386
16207378,freestyle,18,14.6989417989418,0.4558027959999369,standard,9,6.947619047619047,0.35315231398110564
1710400,freestyle,9,14.32804232804233,0.6662305145427763,standard,30,5.833982683982684,0.348875767464289
1729519,freestyle,9,23.374603174603173,0.610789003276683,standard,10,6.427142857142857,0.44840501232196556
2016192,freestyle,12,9.68968253968254,0.5547252868794321,standard,10,3.9990476190476185,0.3530490967209601
2020009,freestyle,21,14.319954648526076,0.647160607834101,standard,52,5.252838827838828,0.33736956162380083
2023970,freestyle,9,16.17301587301587,0.7218643468375173,standard,33,5.812842712842713,0.40539413607200203
2056437,freestyle,13,21.518061425753732,0.48611356735577305,standard,37,6.154954954954955,0.2995667934482815
2093596,freestyle,18,11.635449735449734,0.6504662901118593,standard,37,5.546460746460746,0.4927089048026965
2285525,freestyle,9,16.65820105820106,0.6322926851704225,standard,26,5.90989010989011,0.40501677304112776
23718293,freestyle,9,21.485185185185188,0.4691505902123796,standard,9,8.522222222222222,0.3729957548078108
240990,freestyle,9,16.692104192104193,0.6408014347668282,standard,46,6.158850931677019,0.43513559351632874
24125890,freestyle,9,16.126984126984127,0.5854946172001585,standard,24,6.3875,0.3665316317007836
24130737,freestyle,11,14.893073593073593,0.5618761861574572,standard,41,7.614401858304298,0.41367486072622334
24133795,freestyle,18,14.396891534391536,0.579701426813314,standard,47,6.369300911854102,0.3242910002826799
24175439,freestyle,9,16.900529100529102,0.610777024989034,standard,25,5.164087912087911,0.3757488313346444
24604747,freestyle,17,24.998039215686273,0.64829826390201,standard,24,6.123148148148148,0.4655739883692099
24650684,freestyle,18,15.493386243386242,0.6518624982462546,standard,20,6.600952380952381,0.28248948225343623
24651516,freestyle,9,14.06060236060236,0.7078384148371365,standard,59,5.0409200968523,0.35966849502908954
25060783,freestyle,9,19.186772486772483,0.6357202635052183,standard,37,7.679922779922779,0.35372098359943177
25092340,freestyle,9,18.03227513227513,0.635791050173397,standard,40,6.549642857142857,0.45811809193431263
2821117,freestyle,5,24.13904761904762,0.736926431524276,standard,6,12.11031746031746,0.2804459037149301
2821125,freestyle,9,45.265079365079366,0.8366573372875538,standard,9,6.164021164021164,0.20898722780567242
309095,freestyle,9,11.1984126984127,0.5097688119214462,standard,40,4.705357142857143,0.3345098388964941
35009192,freestyle,15,13.520317460317461,0.5828174429812486,standard,75,5.798349206349206,0.3275290221044811
35028561,freestyle,18,10.303968253968254,0.6661504841208694,standard,35,5.96625850340136,0.38028740408395056
35028600,freestyle,9,18.01640211640212,0.6906449835769838,standard,15,6.909523809523809,0.29026897558535153
4108116,freestyle,9,17.26084656084656,0.5022330713451132,standard,34,8.233823529411765,0.47394652718432034
4126025,freestyle,10,16.851904761904763,0.6195848076692781,standard,20,6.299047619047618,0.43224848710875813
4152956,freestyle,8,14.154166666666667,0.615264217728979,standard,22,5.278354978354979,0.33673589958994915
4168119,freestyle,24,15.57738095238095,0.5388648433328239,standard,22,6.459740259740259,0.32072566921025947
44155573,freestyle,9,15.329629629629629,0.5994054118852497,standard,40,6.253452380952381,0.3903885679678992
44517173,freestyle,9,14.267195767195766,0.6487133447271927,standard,10,9.550476190476191,0.4131518716517414
44599790,freestyle,9,12.118518518518519,0.6588058122162608,standard,39,6.541880341880342,0.5516379648949873
4657101,freestyle,9,15.963492063492064,0.7281931343538671,standard,37,4.86087516087516,0.4579454300598811
46616543,freestyle,8,19.342261904761905,0.5803703615714002,standard,69,6.329468599033817,0.34800870726913374
4671910,freestyle,6,23.384920634920633,0.7341097317448567,standard,9,6.335978835978836,0.41119087645498154
4675789,freestyle,9,16.706959706959708,0.6594413208629516,standard,6,6.029365079365079,0.41763096438262676
5072786,freestyle,18,14.070833333333333,0.6237004105362308,standard,51,6.101556178026766,0.3338493527640004
5074452,freestyle,18,14.015608465608466,0.7405372942883929,standard,31,7.935944700460829,0.4234063037413408
5084423,freestyle,18,15.466931216931219,0.6492922061891842,standard,11,6.302164502164502,0.2664449390854211
5202213,freestyle,9,10.634391534391535,0.44600808605326286,standard,31,4.796774193548386,0.31562195120571745
605506,freestyle,9,22.371428571428574,0.5673997852053596,standard,22,4.695887445887446,0.4142908571291289
623539,freestyle,24,12.408630952380951,0.6654295836523934,standard,35,4.879546485260771,0.37297311584163945
6336760,freestyle,18,17.86084656084656,0.6829230465216215,standard,9,10.324867724867724,0.3592600633600201
662399,freestyle,9,15.61111111111111,0.6660941146415743,standard,35,6.849152276295134,0.41575030766822646
738590,freestyle,13,12.057509157509157,0.5774082161108188,standard,26,5.858241758241759,0.34854778087221855
8603820,freestyle,9,12.902116402116402,0.7078552979345849,standard,17,5.03109243697479,0.3362705112680389
895733,freestyle,9,22.73862433862434,0.539445017563488,standard,11,6.483982683982685,0.365958397625519
