format,side,bin,n_qualifying_bands,chess960_mean_cpl,standard_mean_cpl,gap
classical,white,1-3,9,14.000390167772142,4.920979198376458,9.079410969395685
classical,white,4-6,9,17.176455233620466,4.967864693446089,12.208590540174377
classical,white,7-9,9,20.57744636316065,5.894607635655634,14.682838727505017
classical,white,10-12,9,22.38562779678863,8.60616612875828,13.779461668030349
classical,white,13-15,9,26.115619199151418,11.937028786840301,14.178590412311117
classical,black,1-3,9,13.647502601456816,4.985117537628953,8.662385063827863
classical,black,4-6,9,17.726109660574412,4.7251966505962955,13.000913009978117
classical,black,7-9,9,20.534311157674175,6.235309060118544,14.299002097555631
classical,black,10-12,9,24.140937829293993,9.716290940025521,14.424646889268471
classical,black,13-15,9,27.677736450584483,13.367459023427443,14.31027742715704
rapid,white,1-3,9,18.208449396471682,6.571124016761009,11.637325379710674
rapid,white,4-6,9,23.21100062150404,6.290053486432112,16.92094713507193
rapid,white,7-9,9,28.16559812353401,8.650022138042997,19.51557598549101
rapid,white,10-12,9,32.533826305852735,12.580245083506275,19.953581222346457
rapid,white,13-15,9,35.605834786744886,17.1826130153999,18.423221771344984
rapid,black,1-3,9,18.49133931333127,6.094990687187531,12.39634862614374
rapid,black,4-6,9,24.582309964246853,6.534259350152155,18.0480506140947
rapid,black,7-9,9,29.45922679605572,9.290741743367624,20.168485052688098
rapid,black,10-12,9,33.78371140516698,14.283488326078354,19.500223079088627
rapid,black,13-15,9,36.622716441620334,19.301975026118104,17.32074141550223
