Month_for_rating,Apr25
Base Rating Type,Rapid
,From the Tournament-Database of Chess-Results https://www.chess.com/events/2025-freestyle-chess-grand-slam-paris-round-robin/results,
,Freestyle Chess Grand Slam Paris,
,Round Robin,
,,
,,
#,Player,FIDE_Rating,Rating_Type,Fide_id
1,Ian Nepomniachtchi,2758,Rapid,4168119
2,Magnus Carlsen,2819,Rapid,1503014
3,Maxime Vachier-Lagrave,2745,Rapid,623539
4,Arjun Erigaisi,2708,Rapid,35009192
5,Nodirbek Abdusattorov,2732,Rapid,14204118
6,Hikaru Nakamura,2734,Rapid,2016192
7,Vincent Keymer,2649,Rapid,12940690
8,Fabiano Caruana,2756,Rapid,2020009
9,Praggnanandhaa Rameshbabu,2684,Rapid,25059530
10,Richard Rapport,2709,Rapid,738590
11,Gukesh Dommaraju,2654,Rapid,46616543
12,Vidit Gujrathi,2650,Rapid,5029465
