Month_for_rating,Mar25
Base Rating Type,Rapid
,From the Tournament-Database of Chess-Results https://s2.chess-results.com/tnr1096035.aspx?lan=0,,,
,6th International Chess960 Festival,,,
,Chess 960,,,
,,,,
No.,Player,Fide_id,Rating_Type,Fide_Rating,Remark
1,"Donchenko, Alexander",24603295,Rapid,2561
2,"Fridman, Daniel",11600454,Rapid,2543
3,"Fedorchuk, Sergey A.",14102536,Rapid,2544
4,"Postny, Evgeny",2804344,Rapid,2467
5,"Kunin, Vitaly",4128737,Rapid,2492
6,"Solodovnichenko, Yuri",14104369,Rapid,2504
7,"Orlov, Andrey",4125282,Rapid,2572
8,"Feuerstack, Alyosha",4681932,Rapid,2421
9,"Fromm, Marius",12993190,Rapid,2320
10,"Glek, Igor",4100484,Rapid,2459
11,"Krause, Benedict",12917990,Rapid,2417
12,"Schneider, Ilja",4663306,Rapid,2434
13,"Zysk, Robert",4600410,Rapid,2347
14,"Arndt, Magnus",12998656,Rapid,2292
15,"Kopylov, Michael",14105080,Rapid,2358
16,"Reza, Wojciech",1151967,Rapid,2219
17,"Reprintsev, Alexander",14100541,Rapid,2297
18,"Maier, Christian",4601955,Rapid,2215
19,"Lampe, Dirk",4623428,Classical,2170
20,"Kumala, Aleksander",1141880,Rapid,2146
21,"Saglam, Bülent",24694827,Rapid,2079
22,"Jankowiak, Tomasz",1185357,Rapid,1966
23,"Agafonov, Yuri Dr",11602104,Rapid,1991
24,"Lutz, Oliver",4685571,Classical,2085
25,"Rieper, Julian",12936960,Rapid,2126
26,"Rieling, Thomas",4624882,Rapid,2050
27,"Kramer, Melik Kurt",54520215,Rapid,1959
28,"Lu, Yunong Elias",16276426,Rapid,2096
29,"Atri, Jamshid",12500356,Rapid,1975
30,"Hein, Ralf",4682874,Classical,2018
31,"Sedlmayr, David",16282337,Rapid,1902
32,"Blietschau, Volker",12902845,Classical,2006
33,"Henke, Jaron",34633561,Rapid,1888
34,"Kalla, Christian",24605760,Rapid,2003
35,"Musaelyan, Arshavir",1332082,Rapid,1965
36,"Rulofs, Henrik",24640476,Classical,1936
37,"Behrendt, Helmut",24653780,Classical,1912
38,"Kleinert, Jürgen",4659180,Rapid,1830
39,"Wendt, Felix",34663592,Rapid,1833
40,"Turp, Hüseyin",12985619,Rapid,1809
41,"Korte, Andreas",16210867,Classical,1721
42,"Owczarek, Monika",1173820,Rapid,1702
43,"Schmidt, Jesse",34665315,Classical,1703
44,"Boldyriev, Mykhailo",34148736,Rapid,1776
45,"Sala, Özkan",34699414,Rapid,0,Did not have a classical or rapid rating
46,"by Flottwell, Lionel",34632727,Classical,1646
47,"Kurschis, Anton",533009406,Classical,1618
48,"Reingardt, Nikolaus",533001081,Rapid,0,Did not have a classical or rapid rating
49,"Pilz, Tobias",24699519,Rapid,0,Did not have a classical or rapid rating
50,"Eschenauer, Frank",34642595,Classical,1504
51,"Knudsen, Max Leon",34629467,Rapid,1402
52,"Sarfraz, Jawwad",,Rapid,
53,"Delion, Helge",12914568,Rapid,0,Did not have a classical or rapid rating
