Month_for_rating,Feb26
Base Rating Type,Rapid
From the Tournament-Database of Chess-Results https://chess-results.com,,
FIDE Freestyle Chess World Championship,,
,,
Starting rank,,
No.,Name,Fide_id,Rating_Type,Fide_Rating
1,"Abdusattorov, Nodirbek",14204118,Rapid,2703
2,"Aronian, Levon",13300474,Rapid,2731
3,"Assaubayeva, Bibisara",13708694,Rapid,2439
4,"Carlsen, Magnus",1503014,Rapid,2832
5,"Caruana, Fabiano",2020009,Rapid,2727
6,"Erigaisi, Arjun",35009192,Rapid,2741
7,"Keymer, Vincent",12940690,Rapid,2627
8,"Kosteniuk, Alexandra",4128125,Rapid,2451
9,"Niemann, Hans Moke",2093596,Rapid,2646
10,"Sindarov, Javokhir",14205483,Rapid,2727
