Month_for_rating,Jan26
Base Rating Type,Rapid
From the Tournament-Database of Chess-Results https://www.chess.com/events/2026-fide-freestyle-chess-world-championship-play-in-swiss/results,,,,
FIDE Freestyle Chess World Championship,,,,
Play-in Swiss,,,,
Number,Player,Fide_id,Rating_Type,Fide_Rating,Remark
1,Artak Manukian,13301373,Rapid,2043
2,Andrey Tkachuk,4177720,Rapid,2176
3,Elnur Aliyev,13402617,Rapid,2155
4,Georgijs Germanovs,11609710,Rapid,2234
5,Haran Salasan,3221253,Rapid,2002
6,Jesper Kjaergaard-Jensen,1406990,Classical,2081
7,Jozsef Matyas Herpai,786179,Rapid,2084
8,Kaan Akbas,34550321,Rapid,1946
9,Rafael Palathingal,39927580,Rapid,1819
10,Samuel Toro Ramirez,4497201,Rapid,1883
11,Sayyid Usmon Shamsuddin,14211840,Rapid,2010
12,Stanislaw Korszanski,21059470,Rapid,2184
13,Vivaan Vijay Saraogi,25787101,Rapid,1744
14,Dimitrios Vazelakis,4203674,Rapid,1902
15,Eugene Furman,2048744,Rapid,0,Did not have a classical or rapid rating
16,Akylzhan Meirkhanuly,13743481,Rapid,2104
17,Alper Tezcan,26351706,Rapid,2035
18,Jyotshnav Talukdar,25924370,Rapid,1835
19,Leo Valle Luis,54577187,Rapid,2377
20,Maksym Dubnevych,14184001,Rapid,2372
21,Marat I Gilfanov,34372164,Rapid,2277
22,Nicolas Perossa,2850520,Rapid,2353
23,Niilo Man Nissinen,30950767,Rapid,2079
24,Niranjan Navalgund,5030854,Rapid,2142
25,Oleksii Nakonechnyi,34173714,Rapid,2262
26,Semyon Puzyrevsky,24240931,Rapid,2405
27,Shaxzod Khamzaev,14220741,Rapid,1806
28,Svyatoslav Lisenkov,34264183,Rapid,2370
29,Ward Al-Tarbosh,7601450,Rapid,2223
30,Aleksandar Indjic,911925,Rapid,2569
31,Alexander Donchenko,24603295,Rapid,2573
32,Alexander Grischuk,4126025,Rapid,2673
33,Alexander Rustemov,4119002,Rapid,2494
34,Alexey Sarana,24133795,Rapid,2660
35,Amin Tabatabaei,12521213,Rapid,2593
36,Andrey Esipenko,24175439,Rapid,2657
37,Anton Demchenko,4160258,Rapid,2512
38,Arman Mikaelyan,13304852,Rapid,2456
39,Arseniy Nesterov,24198455,Rapid,2574
40,Bardiya Daneshvar,12576468,Rapid,2540
41,Benjamin Bok,1017063,Rapid,2586
42,Bogdan-Daniel Deac,1226380,Rapid,2613
43,Cem Kaan Gokerkan,6336760,Rapid,2427
44,Cristobal Henriquez,3409350,Rapid,2605
45,David Anton,2285525,Rapid,2610
46,David Navara,309095,Rapid,2602
47,Denis Lazavik,13515110,Rapid,2603
48,Dennis Wagner,24650684,Rapid,2420
49,Gleb Dudin,34184934,Rapid,2515
50,Grigoriy Oparin,24125890,Rapid,2606
51,Harshavardhan G B,25059009,Rapid,2274
52,Ian Nepomniachtchi,4168119,Rapid,2726
53,Ilamparthi A R,45015775,Rapid,2369
54,Jeffery Xiong,2047640,Rapid,2694
55,Karthikeyan Murali,5074452,Rapid,2522
56,Kirill Alekseenko,4135539,Rapid,2595
57,Leinier Dominguez Perez,3503240,Rapid,2706
58,Leon Luke Mendonca,35028561,Rapid,2544
59,Li Shilong,8600678,Rapid,2538
60,Mahammad Muradli,13409301,Rapid,2541
61,Martyn Kravtsiv,14113147,Rapid,2641
62,Maxim Matlakov,4168003,Rapid,2604
63,Nodirbek Abdusattorov,14204118,Rapid,2703
64,Nodirbek Yakubboev,14203987,Rapid,2562
65,Oleksandr Bortnyk,14120828,Rapid,2609
66,Pranesh M,35028600,Rapid,2521
67,Prraneeth Vuppala,46622373,Rapid,2402
68,Rinat Jumabayev,13702661,Rapid,2541
69,Saleh Salem,9301348,Rapid,2597
70,Sam Sevian,2040506,Rapid,2667
71,Samvel Ter-Sahakyan,13302531,Rapid,2554
72,Sanan Sjugirov,4189302,Rapid,2550
73,Sergei Iskusnyh,4120027,Rapid,2306
74,Shamsiddin Vokhidov,14204223,Rapid,2527
75,Shant Sargsyan,13306766,Rapid,2616
76,Tong Xiao,8622388,Rapid,2441
77,V Pranav,25060783,Rapid,2564
78,Vahap Sanal,6300545,Rapid,2530
79,Victor Bologan,13900048,Rapid,2484
80,Vladimir Fedoseev,24130737,Rapid,2690
81,Vladimir Potkin,4131061,Rapid,2508
82,Vugar Rasulov,13402390,Rapid,2458
83,Yu Yangyi,8603820,Rapid,2671
84,Zbigniew Pakleza,1119290,Rapid,2435
85,Aaravamudhan Balaji,436224,Rapid,2326
86,Alexander Reprintsev,14100541,Rapid,2288
87,Anna Shukhman,54180058,Rapid,2273
88,Beglar Jobava,13602047,Rapid,2428
89,Codrut-Constantin Florescu,1202200,Rapid,2259
90,Eray Kilic,44517173,Rapid,2449
91,Gianmarco Leiva,3804399,Rapid,2382
92,Jakub Pulpan,302759,Rapid,2500
93,Michael T Hennigan,400858,Classical,2391
94,Nikolai Vlassov,4103360,Rapid,2262
95,Quoc Hy Nguyen,12410853,Rapid,2283
96,Renato Terry,3803457,Rapid,2457
97,Satria Duta Cahaya,7124252,Rapid,2132
98,Sergey Sklokin,55730230,Rapid,2413
99,Timothe Razafindratsima,36069884,Rapid,2345
100,Tymur Keleberda,14174294,Rapid,2198
101,Ludin Esteban Jaimes Gonzalez,3912248,Rapid,2048
102,Olexandr Prohorov,14105578,Rapid,1901
103,Santiago Castillo,108936,Rapid,2150
104,Sarthak Gattani,30995965,Rapid,1850
