Month_for_rating,June '25
Base Rating Type,Rapid
,From the Tournament-Database of Chess.com https://www.chess.com/events/2025-freestyle-chess-grand-slam-las-vegas-play-in-swiss/results and https://www.chess.com/events/2025-freestyle-chess-grand-slam-las-vegas-play-in-ko/results,,,
,Freestyle Chess Grand Slam Las Vegas,,,
,Play-ins,,,
,,,,
,,,,
#,Player,Fide_id,Rating_Type,Fide_Rating
1,Rasmus Svane,4657101,Rapid,2616
2,Denis Lazavik,13515110,Rapid,2579
3,Pranesh M,35028600,Rapid,2509
4,Martyn Kravtsiv,14113147,Rapid,2645
5,Peter Svidler,4102142,Rapid,2669
6,Dmitry Andreikin,4158814,Rapid,2665
7,Victor Bologan,13900048,Rapid,2501
8,Nodirbek Yakubboev,14203987,Rapid,2547
9,Bogdan-Daniel Deac,1226380,Rapid,2631
10,Yagiz Kaan Erdous,44599790,Rapid,2384
11,Volodar Murzin,44155573,Rapid,2637
12,Jonas Buhl Bjerre,1444948,Rapid,2546
13,Read Samadov,13417444,Rapid,2464
14,Ethan Sheehan,30943965,Classical,2364
15,Samvel Ter-Sahakyan,13302531,Rapid,2552
16,Matthias Bluebaum,24651516,Rapid,2596
17,Anton Demchenko,4160258,Rapid,2512
18,Nils Grandelius,1710400,Rapid,2640
19,Karthikeyan Murali,5074452,Rapid,2522
20,Tymur Keleberda,14174294,Rapid,2198
21,Nitzan Steinberg,2801795,Rapid,2516
22,Mikhail Kobalia,4119150,Rapid,2509
23,Faustino Oro,20000197,Rapid,2457
24,Alexander Rustemov,4119002,Rapid,2494
25,Vladimir Kramnik,4101588,Rapid,2700
26,David Navara,309095,Rapid,2671
27,Dmitrij Kollars,12909572,Rapid,2553
28,Bai Jinshi,8602280,Rapid,2575
29,Leon Luke Mendonca,35028561,Rapid,2477
30,Vahap Sanal,6300545,Rapid,2504
31,Christian Gloeckler,34608966,Rapid,2353
32,Oleksii Nakonechnyi,34173714,Rapid,2172
33,Nitish Belurkar,5084768,Rapid,2251
34,Nikolai Vlassov,4103360,Rapid,2253
35,Zachary Tanenbaum,2060850,Rapid,2127
36,Alberto Atoyan,13314831,Rapid,2194
37,Grigoriy Oparin,24125890,Rapid,2634
38,Jake Shanty,33478066,Rapid,1939
39,ilisarterana,NOT FOUND,Rapid,
40,Sergei Iskusnyh,4120027,Rapid,2341
41,Artemiy Khanbutaev,55747175,Classical,2139
42,Teimur Toktomushev,14176726,Rapid,2288
43,Victor Mikhalevski,2801914,Rapid,2442
44,Benjamin Bok,1017063,Rapid,2585
45,Vladislav Kovalev,13504398,Rapid,2515
46,Mykola Bortnyk,14120836,Rapid,2517
47,Yuriy Kuzubov,14112906,Rapid,2576
48,Zhamsaran Tsydypov,4108566,Rapid,2479
49,Jval Saurin Patel,25968343,Rapid,1978
50,Yichen Han,1054430,Rapid,2375
51,Nicolas Perossa,2850520,Rapid,2232
52,ERFUL,NOT FOUND,Rapid,
53,Patryk Cieslak,21078882,Rapid,2220
54,Aleksey Dreev,4100107,Rapid,2556
55,Aleksandar Indjic,911925,Rapid,2572
56,Dinesh Rajan M,35060600,Rapid,2089
57,Aryan Tari,1510045,Rapid,2564
58,Matthias Mattenberger,1339958,Rapid,2197
59,Jakhongir Vakhidov,14201801,Rapid,2494
60,Jesus Daniel Diaz Guerrero,3979288,Rapid,1974
61,Aleksandr Rakhmanov,4173708,Rapid,2550
62,Jeffery Xiong,2047640,Rapid,2694
63,Khagan Ahmad,13431552,Rapid,2301
64,Mahammad Muradli,13409301,Rapid,2546
65,Rohan Rajaram,30940729,Rapid,1794
66,Andrew Tang,2059630,Rapid,2439
67,LogicBaba,NOT FOUND,Rapid,
68,Sasha-Matei Craciun,1281186,Rapid,2277
69,Semion Sapocinic,13908693,Rapid,2171
70,Manvel Arakelyan,13317415,Rapid,2021
71,Ruslan Soltanici,13900889,Rapid,2286
72,Wouter Terlouw,1087401,Rapid,2055
73,Vladimir-Alexandru Cnejev,1260898,Rapid,2312
74,Semyon Puzyrevsky,24240931,Rapid,2339
75,Nikolaos Skiadopoulos,4200772,Rapid,1877
76,Goodwill Khoa,15200264,Rapid,1894
77,Nikolay Pavlov,24141470,Rapid,2164
78,Jakub Pulpan,302759,Rapid,2501
79,Cristobal Henriquez Villagra,3409350,Rapid,2581
80,Viani Antonio Dcunha,5027330,Rapid,2241
81,Rosh Jain,25789465,Rapid,2040
82,Eytan Rozen,2816750,Rapid,2469
83,Hector Jose Linares Orellana,7304307,Rapid,1948
84,Caleb Levi Levitan,14332620,Rapid,2213
85,Greg Shahade,2009064,Rapid,2476
86,Karol Kucza,1159755,Rapid,2256
87,Jose Gabriel Cardoso,4430492,Rapid,2417
88,Eric Li,30939941,Rapid,2262
89,Yahli Sokolovsky,2820242,Rapid,2367
90,Jules Moussard,642908,Rapid,2609
91,Aarit Kapil,33408947,Rapid,2048
92,Fabian Fichter,24613258,Rapid,2211
93,Alexander Jasinski,55627994,Rapid,1896
94,Christian Zobel,16259068,Rapid,1994
95,Mohammad Nubairshah Shaikh,5053196,Rapid,2250
96,Bassem Amin,10601457,Rapid,2593
97,Sargis A Manukyan,13303970,Rapid,2192
98,Oleksandr Bortnyk,14120828,Rapid,2641
99,Kjell Petersson,1705148,Rapid,2012
100,Wee Zhun Teh,5707277,Rapid,1910
101,Daniel Gutierrez Olivares,2264005,Rapid,2254
102,Luca Moroni Jr,865834,Rapid,2506
103,Randi-Ioan Gales,1285360,Rapid,2134
104,Nikita Matinian,24129100,Rapid,2340
105,Sarthak Gattani,30995965,Rapid,1851
106,Mateusz Bartel,1112635,Rapid,2521
107,Eric Hansen,2606771,Rapid,2582
108,Mathias Andre Casalaspro,22772626,Rapid,2183
109,champ_1624,NOT FOUND,Rapid,
110,Gianmarco Leiva,3804399,Rapid,2342
111,Maxime Lagarde,3804399,Rapid,2342
112,Richard Bitoon,5201110,Rapid,2473
113,Shubhi Gupta,25195425,Rapid,2002
114,Kevin Yang,30908485,Classical,2096
115,Raset Ziatdinow,2015323,Rapid,2380
116,Olexandr Prohorov,14105578,Rapid,1918
117,Luka Budisavljevic,960047,Rapid,2439
118,Kevin Qin,2627949,Rapid,1798
119,Ranindu Dilshan Liyanage,9915834,Rapid,2238
120,pepe,NOT FOUND,Rapid,
121,Antonio Lopez del Alamo,2227339,Rapid,2151
122,Leviackerman594,NOT FOUND,Rapid,
123,Tudor-Gabriel Danila,1274244,Rapid,2146
124,Stephan Becking,4632478,Classical,2410
125,Gary Ng,2604914,Rapid,2214
126,AggressiveChessPlayer4,NOT FOUND,Rapid,
127,Jonathan Yedidia,2003015,Classical,2313
128,Daniel Naroditsky,2026961,Rapid,2636
129,Gary Leschinsky,30951321,Classical,1992
130,Dinh Trung Nguyen,12405825,Rapid,1975
131,Jose Francisco R P Neves Veiga,1930087,Rapid,2347
132,Alan H Morris-Suzuki,30933218,Rapid,1986
133,Tyhran Ambartsumian,34161112,Rapid,2056
134,Stephane Bressac,655945,Rapid,2308
135,Antonin Ferey,36051454,Rapid,2138
136,Damian Sliwicki,1127128,Rapid,2154
137,Aldiyar Ansat,13715658,Rapid,2383
138,Shiyam Thavandiran,2605058,Rapid,2406
139,Vladislav Lymar,14162180,Rapid,2274
140,David Martinez Martin,2209748,Rapid,2386
141,Pranav Swaminathan,30970482,Classical,2113
142,Steven Rojas,3819434,Rapid,2209
143,David Larino Nieto,2256444,Rapid,2509
144,Prithu Gupta,46618546,Rapid,2384
145,Sankalan Shah,25600362,Rapid,2004
146,Itay Sitbon,2820706,Rapid,2073
147,Shakhriyar Mamedyarov,13401319,Rapid,2701
148,Yu Yangyi,8603820,Rapid,2700
149,Vidit Gujrathi,5029465,Rapid,2650
150,Hans Moke Niemann,2093596,Rapid,2621
151,Alexander Grischuk,4126025,Rapid,2696
152,Ding Liren,8603677,Rapid,2776
153,Vladimir Fedoseev,24130737,Rapid,2740
154,Andrey Esipenko,24175439,Rapid,2651
155,Jan-Krzysztof Duda,1170546,Rapid,2718
156,Maxime Vachier-Lagrave,623539,Rapid,2735
157,Alexey Sarana,24133795,Rapid,2603
158,Liem Le,12401137,Rapid,2645
