Month_for_rating,Jul25
Base Rating Type,Rapid
,From the Tournament-Database of Chess-Results https://s2.chess-results.com/tnr1199502.aspx?lan=1&art=0&turdet=YES&SNode=S0,
,Freestyle Chess Grand Slam Vegas OTB,
,Play-ins,
,,
,Player,Fide_Id,Rating_Type,Fide_Rating
1,"Carlsen, Magnus",1503014,Rapid,2819
2,"Praggnanandhaa, R",25059530,Rapid,2688
3,"Keymer, Vincent",12940690,Rapid,2651
4,"Aronian, Levon",13300474,Rapid,2742
5,"So, Wesley",5202213,Rapid,2709
6,"Abdusattorov, Nodirbek",14204118,Rapid,2740
7,"Sindarov, Javokhir",14205483,Rapid,2688
8,"Assaubayeva, Bibisara",13708694,Rapid,2446
9,"Nakamura, Hikaru",2016192,Rapid,2738
10,"Caruana, Fabiano",2020009,Rapid,2756
11,"Erigaisi, Arjun",35009192,Rapid,2708
12,"Dominguez Perez, Leinier",3503240,Rapid,2705
13,"Niemann, Hans Moke",2093596,Rapid,2621
14,"Vidit, Santosh Gujrathi",5029465,Rapid,2657
15,"Robson, Ray",2023970,Rapid,2652
16,"Sevian, Samuel",2040506,Rapid,2654
