Month_for_rating,Feb25
Base Rating Type,Rapid
,From the Tournament-Database of Chess-Results https://s2.chess-results.com/tnr1096095.aspx?lan=1&flag=30&turdet=YES&SNode=S0,,,,,
,Freestyle Chess Grand Slam Weissenhaus,,,,,
,ROUND ROBIN,,,,,
,Player,Fide_id,,,,,Rating_Type,Fide_Rating
1,"Carlsen, Magnus",1503014,,,,,Rapid,2819
2,"Caruana, Fabiano",2020009,,,,,Rapid,2756
3,"Nakamura, Hikaru",2016192,,,,,Rapid,2734
4,"Gukesh, D",46616543,,,,,Rapid,2654
5,"Abdusattorov, Nodirbek",14204118,,,,,Rapid,2732
6,"Firouzja, Alireza",12573981,,,,,Rapid,2754
7,"Aronian, Levon",13300474,,,,,Rapid,2745
8,"Keymer, Vincent",12940690,,,,,Rapid,2649
9,"Fedoseev, Vladimir",24130737,,,,,Rapid,2739
10,"Sindarov, Javokhir",14205483,,,,,Rapid,2668
