Month_for_rating,January '25
Base Rating Type,Rapid
,From the Tournament-Database of Chess.com https://www.chess.com/events/2025-freestyle-chess-grand-slam-weissenhaus-play-in-swiss/results and https://www.chess.com/events/2025-freestyle-chess-grand-slam-weissenhaus-play-in-ko/results,,,
,Freestyle Chess Grand Slam Weissenhaus,,,
,Play-ins,,,
,,,,
,,,,
#,Player,Fide_id,Rating_Type,Fide_Rating
1,Vladimir Fedoseev,24130737,Rapid,2739
2,Denis Lazavik,13515110,Rapid,2579
3,Javokhir Sindarov,14205483,Rapid,2668
4,Oleksandr Bortnyk,14120828,Rapid,2641
5,Sam Sevian,2040506,Rapid,2641
6,Jorden van Foreest,1039784,Rapid,2640
7,Rudik Makarian,44105681,Rapid,2507
8,Andrew Tang,2059630,Rapid,2445
9,Volodar Murzin,44155573,Rapid,2638
10,Andy Woodward,30953499,Rapid,2521
11,David Navara,309095,Rapid,2671
12,Ruslan Ponomariov,14103320,Rapid,2654
13,V Pranav,25060783,Rapid,2537
14,Bogdan-Daniel Deac,1226380,Rapid,2630
15,Yuriy Kuzubov,14112906,Rapid,2562
16,Mikhail Demidov,4197143,Rapid,2462
17,Nguyen Ngoc Truong Son,12401110,Rapid,2559
18,Nils Grandelius,1710400,Rapid,2640
19,Shamsiddin Vokhidov,14204223,Rapid,2524
20,Samvel Ter-Sahakyan,13302531,Rapid,2542
21,Niclas Huschenbeth,24604747,Rapid,2562
22,Matthias Bluebaum,24651516,Rapid,2596
23,Alberto Atoyan,13314831,Rapid,2062
24,Daniel Dardha,240990,Rapid,2582
25,L R Srihari,46617116,Rapid,2350
26,Christopher Yoo,30909694,Rapid,2497
27,Luca Moroni Jr,865834,Rapid,2506
28,Peter Svidler,4102142,Rapid,2691
29,Bulat Murtazin,24151351,Rapid,2336
30,Felix Antonio Ilinca Ilinca,54764998,Rapid,2360
31,Ihor Samunenkov,14187086,Rapid,2428
32,Vladimir Hamitevici,13902393,Rapid,2383
33,Garg Aradhya,25006746,Rapid,2191
34,Vladislav Kovalev,13504398,Rapid,2515
35,Mateusz Bartel,1112635,Rapid,2521
36,Bakhtiyar Askarov,13701100,Rapid,2223
37,Valentin Dragnev,1634852,Rapid,2425
38,Frederik Svane,12923044,Rapid,2476
39,Alexander Grischuk,4126025,Rapid,2688
40,Viktor Skliarov,14106736,Rapid,2289
41,Roman Dehtiarov,14186640,Rapid,2347
42,Andrei Olhovik,13507397,Rapid,2306
43,Bojan Maksimovic,14408120,Rapid,2544
44,Milan A Gagic,979805,Rapid,2305
45,Thomas Morais,36034703,Rapid,2060
46,Sergey Sklokin,55730230,Rapid,2187
47,Mukhammadzokhid Suyarov,14210495,Rapid,2337
48,Alexander Donchenko,24603295,Rapid,2561
49,Artin Ashraf,22514805,Rapid,2264
50,Oliwia Kiolbasa,1154613,Rapid,2241
51,Sergei Iskusnyh,4120027,Rapid,2347
52,Eray Kilic,44517173,Rapid,2453
53,Shant Sargsyan,13306766,Rapid,2613
54,Danyyil Dvirnyy,817570,Rapid,2458
55,Arseniy Nesterov,24198455,Rapid,2553
56,Musa Zakirov,44189222,Rapid,2102
57,Ethan Sheehan,30943965,Classical,2329
58,Benjamin Bok,1017063,Rapid,2583
59,Stepan Hrbek,393479,Rapid,2332
60,Nguyen Anh Quan Huynh,12403938,Classical,1874
61,Veronika Shubenkova,44124040,Rapid,2007
62,Kevin George Micheal,10669515,Rapid,2257
63,Aravindh Chithambaram,5072786,Rapid,2550
64,Rinat Jumabayev,13702661,Rapid,2524
65,Artak Manukian,13301373,Classical,2104
66,Artsiom I Strybuk,13515659,Rapid,2402
67,Mahammad Muradli,13409301,Rapid,2539
68,Reinis Paikens,11624078,Rapid,2129
69,David Gasparyan,13311980,Rapid,1904
70,Dmitrii Marcziter,13900765,Rapid,2250
71,Nikolai Vlassov,4103360,Rapid,2266
72,Amir Ali Ghafourian,12533831,Rapid,2128
73,David Paravyan,4194985,Rapid,2550
74,Wojciech Smieszek,1156047,Rapid,2033
75,Jozsef Matyas Herpai,786179,Rapid,2037
76,Yahli Sokolovsky,2820242,Rapid,2352
77,Ruslan Murtazin,24175960,Rapid,2253
78,ChrisTheBellRinger,NOT FOUND,Rapid,
79,Semyon Puzyrevsky,24240931,Rapid,2217
80,Robert-Gabriel Sava,1265725,Rapid,2089
81,Santiago Avila,4437128,Rapid,2429
82,Mathurin Nathaniel,23000139,Rapid,1994
83,Pranav Senthilkumar,2083477,Classical,1999
84,Amin Tabatabaei,12521213,Rapid,2556
85,Jack Mizzi,5602521,Rapid,2120
86,Raset Ziatdinow,2015323,Rapid,2380
87,Manvel Arakelyan,13317415,Rapid,1760
88,Evgeny Degtiarev,4149610,Rapid,2331
89,Anton Isajevsky,4142500,Rapid,2408
90,Sergei Lobanov,24183750,Rapid,2453
91,Shiyam Thavandiran,2605058,Rapid,2406
92,Jonas Wyss,1311387,Rapid,2179
93,Tong Xiao,8622388,Rapid,2438
94,Claudius-Thomas Gottstein,4653327,Rapid,2116
95,Patryk Mrozowski,1155296,Rapid,2065
96,Andrej Sukovic,16502310,Rapid,2345
97,Thomas Bauer,1639293,Rapid,2086
98,Sanan Sjugirov,4189302,Rapid,2550
99,Harshavardhan G B,25059009,Rapid,2233
100,Edgar Hayrapetyan,13313568,Rapid,2277
101,Balazs Csonka,742910,Rapid,2437
102,Rasmus Svane,4657101,Rapid,2616
103,Kirill Alekseenko,4135539,Rapid,2632
104,Rasmus Skytte,1404210,Rapid,2411
105,Agustin Fuentes,140040,Rapid,1993
106,Subramanian Ramasubramanian,1553569,Rapid,1829
107,Aleksandra Tarnowska,1180967,Rapid,1852
108,Victor Bologan,13900048,Rapid,2504
109,Dachey Lin,2029650,Classical,2303
110,Fabian Fichter,24613258,Rapid,2211
111,Lawrence Kauafman,2000555,Classical,2200
112,Dmitry Kalinin,13507311,Rapid,2020
113,Leo Valle Luis,54577187,Rapid,2328
114,Bharath Subramaniyam,46634827,Rapid,2475
115,Shamil Arslanov,4192826,Rapid,2363
116,Anthony Atanasov,2623897,Rapid,2313
117,Nitish Belurkar,5084768,Rapid,2286
118,Khuyagtsogt Itgelt,4902912,Rapid,2216
119,Pranesh M,35028600,Rapid,2489
120,Oleksandr Dovgaliuk,14167247,Rapid,2151
121,Devdutt Binu,366108941,Classical,2177
122,Orest Vovk,14113490,Rapid,2392
123,Zbigniew Pakleza,1119290,Rapid,2419
124,DON7fan,NOT FOUND,Rapid,
125,Daniel Gutierrez Olivares,2264005,Rapid,2254
126,Egor A Koshulyan,24237000,Rapid,2236
127,Paulius Pultinevicius,12809390,Rapid,2596
128,Kostya Kavutskiy,2026384,Rapid,2414
129,Adham Fawzy,10613129,Rapid,2520
130,Qingyu Yuan,8609772,Rapid,2344
131,Dushyant Sharma,25065130,Rapid,2126
132,Bennet Biastoch,12939889,Classical,2205
133,Chanchal Kumer Ghosh,10201858,Rapid,2106
134,Pawel Sowinski,21881979,Rapid,2438
135,Georgios Vlassis,4203399,Rapid,1998
136,Narmin Khalafova,13402625,Rapid,2179
137,Vladimir Chernikov,14112914,Rapid,2185
138,Erick Zhao,30946930,Rapid,2387
139,Jake Kleiman,2020041,Classical,2399
140,Alexandr Lauda,13903179,Rapid,2112
141,Axel Bachmann,3700488,Rapid,2616
142,Blazej Grot,21835845,Rapid,2245
143,Sherali Pattnaik,25789449,Rapid,1786
144,Alexey Sarana,24133795,Rapid,2603
145,Oliver Stork,12955728,Rapid,2255
146,Mark T Hoshor,30919738,Classical,2025
147,Ignacio Cavadini,117480,Rapid,1987
148,Jaime Santos,2293307,Rapid,2640
149,Valentyn Hulka,34107061,Rapid,2353
150,Tuan Minh Le,12401153,Rapid,2503
151,Aljoscha Feuerstack,4681932,Rapid,2421
152,Marcel Winkels,1003887,Rapid,1989
153,Tikhon Popov,24252026,Rapid,2249
154,Hamidreza Ebrahimi Herab,22512888,Rapid,2300
155,Alexander Rustemov,4119002,Rapid,2494
156,Cristian Camilo Soto,4407008,Rapid,2181
157,Jonas Buhl Bjerre,1444948,Rapid,2546
158,Santiago Rodriguez,3000591,Rapid,2231
159,Jens Nebel,4689232,Classical,2212
160,Vedant Maheshwari,30988616,Classical,1945
161,Garnik Nersisyan,13300741,Classical,2035
162,Alberto Fabris,801348,Classical,2230
163,Wouter Terlouw,1087401,Rapid,1997
164,Anton Frank,1752383,Rapid,2077
165,Shubhi Gupta,25195425,Rapid,1996
166,Sreyas Payyappat,46674969,Rapid,2029
167,Le Thao Nguyen Pham,12401226,Rapid,2330
168,Patryk Cieslak,21078882,Rapid,2220
169,Ishvi Aggarwal,25728890,Rapid,1868
170,Borgaonkar Akshay,25639110,Rapid,2028
171,Huseyin Said Deveci,26322455,Rapid,1972
172,Satria Duta Cahaya,7124252,Rapid,2035
173,Dimitris Alexakis,4277023,Rapid,2469
174,Sebastien Azar,2640198,Classical,1982
175,Antonin Ferey,36051454,Rapid,2163
176,Shubh Jayesh Laddha,30942799,Rapid,2015
177,Rushan Bogaudinov,4129288,Rapid,1909
178,Ediz Gurel,44507356,Rapid,2452
179,Francisco Javier Munoz,128368,Classical,2389
180,K K Dinujaya Kodithuwakku,9998845,Rapid,1780
181,Arian Baradaran Tamadon,12595837,Rapid,2148
182,Melikset Khachiyan,13300512,Rapid,2471
183,Jan Malek,21864080,Rapid,2218
184,Rustem Gorbenko,14111438,Rapid,2058
185,Raunak Sadhwani,35093487,Rapid,2603
186,Lazar Matyassy,17005167,Rapid,2211
187,Niranjan Navalgund,5030854,Rapid,2142
188,Israel Caspi,2807394,Rapid,2347
189,Benjamin Gledura,712779,Rapid,2575
190,Dipro Chakraborty,2045524,Classical,2189
191,Polina Shuvalova,24171760,Rapid,2340
192,Loris Tavernier,651008653,Rapid,1965
193,Peter Heine Nielsen,1400355,Rapid,2669
194,Eivind Grunt Kreken,1532359,Rapid,2233
195,Cristian-Stefan Serban,1241443,Rapid,2202
196,CrtN88,NOT FOUND,Rapid,
197,Ondrej Toman,344516,Rapid,2204
198,Lorand Bela Kis,2024098,Classical,1954
199,Vidar Grahn,1744780,Rapid,2160
200,Laurin Jahnz,16261089,Rapid,2097
201,Dimitrios Vazelakis,4203674,Rapid,1882
202,M G Gahan,5027373,Rapid,2165
203,Oscar Tan,5200431,Classical,2010
204,Thomas A Quilter,408530,Rapid,2044
205,Hugo Wernberg,1737511,Rapid,2150
206,Eleni Pica,5910005,Rapid,1559
207,Vitalii Gryshko,14174286,Rapid,2222
208,Vaibhav Jayant Raut,5089034,Rapid,2108
209,Eugene Yanayt,2020165,Rapid,2226
210,Pablo Arias,3300307,Classical,2024
211,Luis Enrique Valle Maytin,3503666,Rapid,2209
212,Vitus Bondo Medhus,1462547,Rapid,2036
213,Wojciech Reza,1151967,Rapid,2219
214,Sergei Mihajlovskij,13500805,Rapid,2198
215,Jain Jeet,5073022,Rapid,2100
216,Kaan Ozcan,34566422,Rapid,2105
217,Raymond Gao,2629429,Rapid,1897
218,Damian Lewtak,1141724,Rapid,2270
219,Andrey Levitskiy,14132885,Rapid,2345
220,Caio Henrique Angelico Silva,22777210,Rapid,2118
221,Rudi Olenik Campa,14633264,Rapid,2247
222,Raphael Mayaud,627151,Rapid,2163
223,Matias Carcamo,115541,Rapid,1986
224,Soham Kamotra,46647490,Rapid,2135
225,Yelfry Torres,6401066,Classical,2016
226,Ward Al-Tarbosh,7601450,Rapid,2185
227,Mitrabha Guha,5057000,Rapid,2469
228,Thomas Beerdsen,1030108,Rapid,2485
229,Sean Senft,2044960,Classical,2054
230,Vinzent Spitzl,12901253,Rapid,2235
231,Mariia Dolinskaya,54140064,Rapid,1926
232,Xu Xiangyu,8608288,Rapid,2592
233,Miroslav D Miljkovic,922722,Rapid,2461
234,Igor Vujacic,932620,Rapid,2011
235,Jacob Dreelinck,250511,Rapid,2100
236,Gabriel Carckeno Do Carmo,22783024,Rapid,1903
237,Arman Geivondian,24102032,Rapid,2278
238,Giorgio Belli,2808833,Rapid,2097
239,Samuel Goncalves,1945130,Rapid,2231
240,Mario Ferro,810290,Rapid,2203
241,Sarja Sriram,5014018,Rapid,2145
242,Daniel Motos Abellan,32016450,Rapid,2052
243,Jesper Kjaergaard-Jensen,1406990,Classical,2081
244,Michal Fudalej,1118781,Rapid,2142
245,Dhatuyo Budiarto,7103000,Rapid,1946
246,Igor L Vakhlamov,24126748,Rapid,2447
247,Marlon Javier La Villa Rivas,3519546,Rapid,2177
248,Francisco Hernandez Basante,6500226,Rapid,2217
249,Ian Nepomniachtchi,4168119,Rapid,2758
250,Maxime Vachier-Lagrave,623539,Rapid,2745
251,Hans Moke Niemann,2093596,Rapid,2624
252,Leinier Dominguez,3503240,Rapid,2710
253,Parham Maghsoodloo,12539929,Rapid,2669
254,Jan-Krzysztof Duda,1170546,Rapid,2731
255,Wei Yi,8603405,Rapid,2746
256,Vidit Gujrathi,5029465,Rapid,2650
257,Praggnanandhaa R,25059530,Rapid,2684
258,Wesley So,5202213,Rapid,2711
259,Yu Yangyi,8603820,Rapid,2700
260,Liem Le,12401137,Rapid,2645
