Month_for_rating,March '25
Base Rating Type,Rapid
,From the Tournament-Database of Chess.com https://www.chess.com/events/2025-freestyle-chess-grand-slam-paris-play-in-swiss/results and https://www.chess.com/events/2025-freestyle-chess-grand-slam-paris-play-in-ko/results,,,
,Freestyle Chess Grand Slam Paris,,,
,Play-ins,,,
,,,,
,,,,
,Player,Fide_id,Rating_Type,Fide_Rating
1,Aakash G,25644394,Rapid,2168
2,Abtin Atakhan,22502203,Rapid,2336
3,Adonay Delgadillo,3301915,Rapid,2284
4,Aldiyar Ansat,13715658,Rapid,2381
5,Aleksandr Rakhmanov,4173708,Rapid,2550
6,Alex Villa Tornero,54501091,Rapid,2280
7,Alexander Donchenko,24603295,Rapid,2561
8,Alexander Grischuk,4126025,Rapid,2688
9,Alexander Rustemov,4119002,Rapid,2494
10,Alexandr Lauda,13903179,Rapid,2112
11,Alexandra Kosteniuk,4128125,Rapid,2483
12,Alexey Sarana,24133795,Rapid,2603
13,Almas Rakhmatullaev,14205793,Rapid,2387
14,Amin Tabatabaei,12521213,Rapid,2556
15,Amir Ali Ghafourian,12533831,Rapid,2128
16,Andre Meylan,1301225,Rapid,2075
17,Andrei Deviatkin,4121260,Rapid,2400
18,Andrei Macovei,13904680,Rapid,2392
19,Andrey Esipenko,24175439,Rapid,2651
20,Andriy Klymchuk,14140063,Rapid,2401
21,andtheoscargoesto21,NOT FOUND,Rapid,
22,antonvv7,NOT FOUND,Rapid,
23,Aram Hakobyan,13306677,Rapid,2535
24,Arian Baradaran Tamadon,12595837,Rapid,2154
25,AriG2009,NOT FOUND,Rapid,
26,Artak Manukian,13301373,Rapid,2043
27,Artin Ashraf,22514805,Rapid,2274
28,Artur Dilmukhametov,24179922,Rapid,2193
29,Aryan Chopra,5084423,Rapid,2598
30,Asad Rahman,11000198,Classical,2200
31,Asel Lesbekova,13713248,Rapid,2001
32,Bai Jinshi,8602280,Rapid,2575
33,Bakhtiyar Askarov,13701100,Rapid,2234
34,Bardiya Daneshvar,12576468,Rapid,2491
35,Bela Khotenashvili,13602640,Rapid,2349
36,Benjamin Bok,1017063,Rapid,2583
37,Benjamin Gongora Montes,5102987,Rapid,2139
38,Benjamin Wagner,12957330,Rapid,2216
39,Benny Aizenberg,2821125,Rapid,2400
40,Bogdan-Daniel Deac,1226380,Rapid,2630
41,Bojan Maksimovic,14408120,Rapid,2544
42,Boris Abrashkin,4120582,Rapid,2384
43,Bulat Murtazin,24151351,Rapid,2336
44,Caleb Levi Levitan,14332620,Rapid,2213
45,Carlos Alberto Gallegos Diaz,3900886,Rapid,2343
46,Carlos Andres Perdomo,4400852,Rapid,2280
47,Christian Gloeckler,34608966,Rapid,2353
48,Christopher Yoo,30909694,Rapid,2497
49,Claudius-Thomas Gottstein,4653327,Rapid,2116
50,Damian Sliwicki,1127128,Rapid,2063
51,Daniel Gutierrez Olivares,2264005,Rapid,2254
52,Daniel Naroditsky,2026961,Rapid,2636
53,David Anton,2285525,Rapid,2625
54,David Navara,309095,Rapid,2671
55,David Paravyan,4194985,Rapid,2570
56,Denis Lazavik,13515110,Rapid,2579
57,Deshawn Kelley,30911940,Classical,2000
58,Dimitris Alexakis,4277023,Rapid,2466
59,Dimo Terziev,2925397,Rapid,2023
60,Dinesh Rajan M,35060600,Rapid,2089
61,Dmitriy Danilenko,14120844,Rapid,2426
62,Dushyant Sharma,25065130,Rapid,2126
63,Eduardo da Costa Marra,2106990,Rapid,2219
64,Ekaterina Goltseva,24173770,Rapid,2207
65,ERFUL,NOT FOUND,Rapid,
66,EvgChe,NOT FOUND,Rapid,
67,Fabian Fichter,24613258,Rapid,2211
68,Farid Tamer waguih,10685723,Rapid,2093
69,Faustino Oro,20000197,Rapid,2423
70,Gabriel Carckeno Do Carmo,22783024,Rapid,1903
71,Gennady Kozlov,4191668,Rapid,2360
72,Gianmarco Leiva,3804399,Rapid,2342
73,Grigor Dilanyan,13303570,Rapid,2286
74,Grigoriy Oparin,24125890,Rapid,2634
75,Guillermo Di Benedetto,111120,Classical,2289
76,Henry Liu,3237095,Rapid,1628
77,Ian Ocampos,117544,Rapid,2207
78,Ilamparthi A R,45015775,Rapid,2359
79,In Hei Henry Ho,6002552,Rapid,1833
80,Ishvi Aggarwal,25728890,Rapid,1868
81,Ivan Andrade,14800039,Classical,2161
82,Jake Kleiman,2020041,Classical,2399
83,Jake Shanty,33478066,Rapid,1939
84,Jakhongir Vakhidov,14201801,Rapid,2500
85,Jan Klimkowski,21856222,Rapid,2416
86,Javier Ruiz Vazquez,54727308,Rapid,2155
87,Jeffery Xiong,2047640,Rapid,2694
88,Jingyao Tin,5804418,Rapid,2485
89,Jonas Simon Gremmel,12983896,Rapid,2020
90,Jonathan Yedidia,2003015,Classical,2313
91,Jose Ricardo Garcia Correa,5101832,Rapid,2087
92,Jubin Jimmy,46686614,Rapid,2432
93,Judah Nathan Levitan,14332639,Classical,2082
94,Jules Moussard,642908,Rapid,2605
95,Juri Dovzik,14100223,Rapid,2098
96,Kacper Drozdowski,1136720,Rapid,2478
97,Kapriaga Rian,7103263,Classical,2096
98,Kevin George Micheal,10669515,Rapid,2257
99,Kevin Qin,2627949,Rapid,1798
100,Khagan Ahmad,13431552,Rapid,2265
101,Kirill Alekseenko,4135539,Rapid,2632
102,Kjetil Aleksander Lie,1501984,Rapid,2460
103,Klendi Zeneli,4706609,Rapid,2061
104,L R Srihari,46617116,Rapid,2350
105,Le Thao Nguyen Pham,12401226,Rapid,2330
106,Leon Luke Mendonca,35028561,Rapid,2477
107,Leonardo Cahuapaza Tarapaca,3845621,Rapid,1859
108,Linus Olsson,1706098,Rapid,2225
109,Liya Kurmangaliyeva,13725831,Rapid,2150
110,Luca Englert,16293088,Rapid,2040
111,Luka Paichadze,13602934,Rapid,2480
112,Mahel Boyer,45102422,Rapid,2519
113,Manish Anto Cristiano F,25095927,Rapid,2108
114,Manvel Arakelyan,13317415,Rapid,2020
115,Mark Smirnov,13764594,Rapid,2314
116,Martin Oksendal,1554107,Rapid,2097
117,Mateusz Bartel,1112635,Rapid,2521
118,Mathias Andre Casalaspro,22772626,Rapid,2183
119,Max Mottola,30985862,Rapid,1993
120,Melih Kaan Can,6317383,Rapid,1993
121,Mikhail Kobalia,4119150,Rapid,2509
122,Mohamed Ezat,10600906,Rapid,2347
123,Mukhiddin Madaminov,14210703,Rapid,2461
124,Narayan Venkatesh,30987881,Rapid,1916
125,Nataliya Buksa,14123622,Rapid,2241
126,Neeraj Harish,30958130,Rapid,2175
127,Nguyen Ngoc Truong Son,12401110,Rapid,2559
128,Niclas Huschenbeth,24604747,Rapid,2562
129,Niilo Man Nissinen,30950767,Rapid,1941
130,Nikita An. Kalinin,34233512,Rapid,2106
131,Nikita Matinian,24129100,Rapid,2328
132,Niklas Schmider,12993778,Rapid,2304
133,Nikolai Vlassov,4103360,Rapid,2266
134,Nikoloz Petriashvili,13611216,Rapid,2346
135,Nitish Belurkar,5084768,Rapid,2286
136,Nodirbek Yakubboev,14203987,Rapid,2541
137,Nurali Bolashakov,13792105,Rapid,1951
138,Oluka Robert Mcligeyo,10814647,Rapid,1963
139,Ori Yaniv,2816300,Rapid,2041
140,Oscar Gerardo Sanchez Enriquez,5106311,Rapid,2335
141,Oscar Humberto Ardila,4404742,Rapid,2021
142,Parham Maghsoodloo,12539929,Rapid,2669
143,Pavel V Tregubov,4115341,Rapid,2502
144,Pentala Harikrishna,5007003,Rapid,2634
145,Pranesh M,35028600,Rapid,2508
146,Quoc Hy Nguyen,12410853,Rapid,2128
147,Ramazan Zhalmakhanov,13706357,Rapid,2421
148,Raset Ziatdinow,2015323,Rapid,2380
149,Rasmus Skytte,1404210,Rapid,2411
150,Rauf Mamedov,13401653,Rapid,2599
151,Raunak Sadhwani,35093487,Rapid,2603
152,Raymond Gao,2629429,Rapid,1897
153,Reynaldo Vera Gonzalez-Quevedo,3500055,Rapid,2449
154,Rinat Jumabayev,13702661,Rapid,2524
155,Robby Kevlishvili,1040634,Rapid,2523
156,Robert-Gabriel Sava,1265725,Rapid,2107
157,Rosh Jain,25789465,Rapid,1974
158,Rudik Makarian,44105681,Rapid,2525
159,S Rohith Krishna,46617051,Rapid,2246
160,Safin Safarullakhan,33379475,Rapid,2021
161,Sahaj Grover,5021103,Rapid,2492
162,Saidakbar Saydaliev,14203693,Rapid,2328
163,Sam Sevian,2040506,Rapid,2641
164,Samvel Ter-Sahakyan,13302531,Rapid,2546
165,Sanan Sjugirov,4189302,Rapid,2550
166,Sasha-Matei Craciun,1281186,Rapid,2297
167,Sergei Azarov,13501470,Rapid,2559
168,Sergei Iskusnyh,4120027,Rapid,2349
169,Sergei Lobanov,24183750,Rapid,2455
170,Sergey Sklokin,55730230,Rapid,2187
171,Sergey Volkov,4122763,Rapid,2393
172,Shadow_Fighter2010,NOT FOUND,Rapid,
173,Shant Sargsyan,13306766,Rapid,2614
174,Shete Sammed Jaykumar,5073421,Rapid,2236
175,Shetty Pranav,5035058,Rapid,2192
176,Shubh Jayesh Laddha,30942799,Rapid,2015
177,Sreyas Payyappat,46674969,Rapid,2029
178,Stamatis Kourkoulos-Arditis,4221990,Rapid,2457
179,Stepan Hrbek,393479,Rapid,2332
180,TessierOlivier,NOT FOUND,Rapid,
181,Tikhon Popov,24252026,Rapid,2275
182,Timur Kocharin,16240936,Rapid,2324
183,Tong Xiao,8622388,Rapid,2438
184,Tuan Minh Le,12401153,Rapid,2503
185,Ulrich Zenker,4614976,Rapid,2081
186,Ulugbek Tillyaev,14202441,Rapid,2168
187,Victor Bologan,13900048,Rapid,2504
188,Victor Mikhalevski,2801914,Rapid,2460
189,Viktor Berezin,14107872,Rapid,2365
190,Vilka Sipila,505455,Rapid,2447
191,Vitaly Teterev,13501429,Rapid,2383
192,Vittorio Cina`,2849033,Rapid,2216
193,Vladimir Shahinyan,13314599,Rapid,2049
194,Vladislav Kovalev,13504398,Rapid,2515
195,Volodar Murzin,44155573,Rapid,2638
196,Wagh Suyog,25071688,Rapid,2277
197,Wouter Terlouw,1087401,Rapid,1997
198,Yagiz Kaan Erdogmus,44599790,Rapid,2384
199,Yahli Sokolovsky,2820242,Rapid,2352
200,Yarikov_Artem,24218103,Rapid,2088
201,Yaroslav Demchenko,14186667,Rapid,2318
202,Zsoka Gaal,777765,Rapid,2218
203,Nodirbek Abdusattorov,14204118,Rapid,2732
204,Vidit Gujrathi,5029465,Rapid,2650
205,Ding Liren,8603677,Rapid,2776
206,Levon Aronian,13300474,Rapid,2745
207,Javokhir Sindarov,14205483,Rapid,2668
208,Leinier Dominguez,3503240,Rapid,2710
209,Wei Yi,8603405,Rapid,2746
210,Yu Yangyi,8603820,Rapid,2700
211,Liem Le,12401137,Rapid,2645
212,Shakhriyar Mamedyarov,13401319,Rapid,2701
213,Richard Rapport,738590,Rapid,2709
214,Jan-Krzysztof Duda,1170546,Rapid,2731
