Month_for_rating,Apr26
Base Rating Type,Classical
From the Tournament-Database of Chess-Results https://chess-results.com,,
grenke Freestyle Chess Open 2026 A-Open ,,
Last update 06.04.2026 22:49:52,,
Starting rank,,
No.,Name,Fide_id,Rating_Type,Fide_Rating,Remark
1,"Carlsen,  Magnus",1503014,Classical,2840
2,"Nepomniachtchi,  Ian",4168119,Classical,2729
3,"Aronian,  Levon",13300474,Classical,2724
4,"Niemann,  Hans Moke",2093596,Classical,2728
5,"Keymer,  Vincent",12940690,Classical,2762
6,"Duda,  Jan-Krzysztof",1170546,Classical,2739
7,"Dominguez Perez,  Leinier",3503240,Classical,2732
8,"Nihal Sarin, ",25092340,Classical,2723
9,"Abdusattorov,  Nodirbek",14204118,Classical,2780
10,"Fedoseev,  Vladimir",24130737,Classical,2703
11,"Aravindh,  Chithambaram VR.",5072786,Classical,2693
12,"Sarana,  Alexey",24133795,Classical,2658
13,"Vachier-Lagrave,  Maxime",623539,Classical,2717
14,"Yakubboev,  Nodirbek",14203987,Classical,2689
15,"Maghsoodloo,  Parham",12539929,Classical,2720
16,"Liang,  Awonder",2056437,Classical,2718
17,"Mendonca,  Leon Luke",35028561,Classical,2595
18,"Mamedov,  Rauf",13401653,Classical,2636
19,"Vitiugov,  Nikita",4152956,Classical,2667
20,"Tabatabaei,  M. Amin",12521213,Classical,2700
21,"Pranav,  V",25060783,Classical,2657
22,"Murzin,  Volodar",44155573,Classical,2655
23,"Saric,  Ivan",14508150,Classical,2654
24,"Karthikeyan,  Murali",5074452,Classical,2648
25,"Chigaev,  Maksim",4108116,Classical,2647
26,"Vokhidov,  Shamsiddin",14204223,Classical,2641
27,"Aryan Chopra, ",5084423,Classical,2637
28,"Kamsky,  Gata",2000024,Classical,2601
29,"Jobava,  Baadur",13601520,Classical,2570
30,"Lagarde,  Maxime",662399,Classical,2621
31,"Van Wely,  Loek",1000268,Classical,2621
32,"Meier,  Georg",4675789,Classical,2612
33,"Bortnyk,  Olexandr",14120828,Classical,2604
34,"Movsesian,  Sergei",310204,Classical,2594
35,"Fridman,  Daniel",11600454,Classical,2556
36,"Wagner,  Dennis",24650684,Classical,2592
37,"Huschenbeth,  Niclas",24604747,Classical,2574
38,"Bok,  Benjamin",1017063,Classical,2560
39,"Van den Doel,  Erik",1003720,Classical,2557
40,"Jussupow,  Artur",4618777,Classical,2554
41,"Sasikiran,  Krishnan",5004985,Classical,2552
42,"Kadric,  Denis",14403803,Classical,2523
43,"Schoppen,  Casper",1046730,Classical,2588
44,"Noe,  Christopher",24692018,Classical,2523
45,"Ten Hertog,  Hugo",1026356,Classical,2520
46,"Gokerkan,  Cem Kaan",6336760,Classical,2501
47,"Henderson de La Fuente,  Lance",32096585,Classical,2510
48,"Klekowski,  Maciej",1132717,Classical,2460
49,"Koelle,  Tobias",16207378,Classical,2498
50,"Grieve,  Harry",426520,Classical,2493
51,"Kaidanov,  Gregory",2008564,Classical,2491
52,"Deuer,  Marius",16236432,Classical,2490
53,"Pijpers,  Arthur",1019554,Classical,2486
54,"Mons,  Leon",4614950,Classical,2478
55,"Kosteniuk,  Alexandra",4128125,Classical,2487
56,"Saric,  Ante",14506254,Classical,2474
57,"Kaczur,  Florian",705098,Classical,2472
58,"Dronavalli,  Harika",5015197,Classical,2470
59,"Hagner,  Bennet",16224477,Classical,2468
60,"Muzychuk,  Mariya",14114550,Classical,2463
61,"Zverev,  Lev",24250775,Classical,2460
62,"De Winter,  Arthur",1069020,Classical,2459
63,"Trost,  Edvin",1729519,Classical,2459
64,"Siva Mahadevan, ",25043153,Classical,2457
65,"Feuerstack,  Aljoscha",4681932,Classical,2454
66,"Wagner,  Dinara",24157570,Classical,2419
67,"Tsolakidou,  Stavroula",4264312,Classical,2452
68,"Wirig,  Anthony",615013,Classical,2402
69,"Baum,  Jonasz",1195360,Classical,2447
70,"Korchynskyi,  Mykola",34138005,Classical,2447
71,"Nurman,  Alua",13729390,Classical,2443
72,"Hausrath,  Daniel",4617495,Classical,2440
73,"Shukhman,  Anna",54180058,Classical,2440
74,"Fromm,  Marius",12993190,Classical,2437
75,"Gschnitzer,  Adrian",1270337,Classical,2436
76,"Javakhishvili,  Lela",13601458,Classical,2431
77,"Pham,  Khoi",1054988,Classical,2431
78,"Glek,  Igor",4100484,Classical,2423
79,"Khamdamova,  Afruza",14210444,Classical,2423
80,"Rosner,  Jonas",24608513,Classical,2451
81,"Khotenashvili,  Bella",13602640,Classical,2412
82,"Narva,  Mai",4500512,Classical,2411
83,"Arabidze,  Meri",13604040,Classical,2409
84,"Stefanova,  Antoaneta",2902257,Classical,2403
85,"Zaitsev,  Mikhail V.",4160398,Classical,2400
86,"Rodriguez,  Adrien",20691866,Classical,2391
87,"Kamalidenova,  Meruert",13712802,Classical,2389
88,"Leisch,  Lukas",1632094,Classical,2441
89,"Faerber,  David",12971294,Classical,2388
90,"Milov,  Leonid",14101068,Classical,2383
91,"Hess,  Max",24656666,Classical,2386
92,"Moehn,  Hans",24647837,Classical,2371
93,"Fecker,  Noah",1334263,Classical,2371
94,"Atalik,  Ekaterina",4130189,Classical,2365
95,"Balabayeva,  Xeniya",13719688,Classical,2365
96,"Bivol,  Alina",4100123,Classical,2361
97,"Rezasade,  Amir",4692950,Classical,2358
98,"Sklokin-Bagiyan,  Sergey",55730230,Classical,2425
99,"Beikert,  Guenther, Dr.",4614186,Classical,2348
100,"Volkov,  Mykyta",24635910,Classical,2346
101,"Loeffler,  Stefan",4603257,Classical,2354
102,"Becker,  Matthias",12915564,Classical,2298
103,"Gaponenko,  Inna",14101181,Classical,2329
104,"Lavrinenkov,  Vadim",12908452,Classical,2329
105,"Dreelinck,  Jacob",250511,Classical,2328
106,"Schulze,  Lara",12956830,Classical,2326
107,"Stoettner,  Moritz",16277163,Classical,2324
108,"Wunderlich,  Elias",34608087,Classical,2313
109,"Roubalik,  Jakub",322237,Classical,2312
110,"Dauner,  Benedikt",16225899,Classical,2353
111,"Powierski,  Emil",4656199,Classical,2307
112,"Beltran Rueda,  Santiago",2200694,Classical,2258
113,"Popovic,  Milos T",923249,Classical,2303
114,"Stoettner,  Lukas",16289951,Classical,2303
115,"Molitor,  Milo",270652,Classical,2298
116,"Khachatryan,  Taron",16216598,Classical,2296
117,"Reprintsev,  Alexander",14100541,Classical,2283
118,"Duong,  Quang Bach",16287045,Classical,2282
119,"Zatonskih,  Anna",14101572,Classical,2319
120,"Ryabukhin,  Roman",24257893,Classical,2281
121,"Dolzhykova,  Kateryna",14113414,Classical,2280
122,"Claesen,  Pieter",200727,Classical,2278
123,"Scholz,  Christian, Dr.",4617150,Classical,2285
124,"Degenhard,  Simon",12944017,Classical,2276
125,"Meyers,  Mark",12927716,Classical,2276
126,"Engel,  Bruno",34609008,Classical,2263
127,"Weber,  Samuel",12924008,Classical,2262
128,"Wyss,  Jonas",1311387,Classical,2256
129,"Hinterreiter,  Markus",1271147,Classical,2252
130,"Agrest,  Inna",1708830,Classical,2249
131,"Loos,  Roland",4643232,Classical,2246
132,"Fichter,  Fabian",24613258,Classical,2228
133,"Yi,  Danny",12988588,Classical,2231
134,"Zolfagharian,  Kevin",12933570,Classical,2222
135,"Prieb,  Robert",16212002,Classical,2227
136,"Von Alvensleben,  Wolfram",4610415,Classical,2225
137,"Adler,  Joel",1300563,Classical,2224
138,"Hauser,  Carlos, Dr.",24608238,Classical,2192
139,"Schnell,  Simon",1345311,Classical,2221
140,"Ruff,  Maximilian",1271670,Classical,2253
141,"Wolter,  Detlev",4632974,Classical,2105
142,"Ciolek,  Andreas",12906727,Classical,2218
143,"Marie,  Maxime",625590,Classical,2208
144,"Kearns,  Christopher",24642118,Classical,2186
145,"Khalafova,  Narmin",13402625,Classical,2207
146,"Kivisto,  Mikko",5800803,Classical,2207
147,"Movsesian,  Julia",4139690,Classical,2202
148,"Mandalinic,  David",79300189,Classical,2202
149,"Boehme,  Markus",12946850,Classical,2202
150,"Kumala,  Aleksander",1141880,Classical,2117
151,"Schnepp,  Gunnar",1604503,Classical,2200
152,"Bluhm,  Sonja Maria",24654027,Classical,2198
153,"Laemmel,  Sebastian",24697974,Classical,2184
154,"Schimnatkowski,  Lukas",12936723,Classical,2208
155,"Nebolsina,  Vera",4163591,Classical,2193
156,"Hoegl,  Emanuel",1635670,Classical,2190
157,"Schweizer,  Simon",1325361,Classical,2190
158,"Temirbek,  Stanislav",14112671,Classical,2190
159,"Hiermann,  Dietmar",1602918,Classical,2189
160,"Weigand,  Anton",16221915,Classical,2189
161,"Maisch,  Julian",24699730,Classical,2153
162,"Bach,  Matthias",4603168,Classical,2229
163,"Skibbe,  Willi",4682190,Classical,2183
164,"Casagrande,  Federico",2827137,Classical,2170
165,"Shi,  Kecheng",8608253,Classical,2177
166,"Brandt,  Sebastian",24678970,Classical,2169
167,"Sreyas Payyappat, ",46674969,Classical,2174
168,"Jansen,  Bob",1012550,Classical,2174
169,"Ahner,  Thomas",4688163,Classical,2120
170,"Oberst,  Thomas",4614933,Classical,2168
171,"Fidlin,  Simon",16217535,Classical,2168
172,"Duson,  Robin",1055038,Classical,2197
173,"Dieterle,  Patrik",16226690,Classical,2125
174,"Schwibbert,  Jonas",12941778,Classical,2164
175,"Escudero Ribo,  Eloi",54770165,Classical,2162
176,"Becker,  Tobias",1270965,Classical,2160
177,"Jeitz,  Christian",4000803,Classical,2155
178,"Rocamora Martorell,  Ferran",54524130,Classical,2153
179,"Meier,  Jan",4684974,Classical,2152
180,"Germer,  Philipp",4693523,Classical,2129
181,"Quilter,  Thomas A",408530,Classical,2162
182,"Khrapko,  Marharyta",13510657,Classical,2092
183,"Bulthuis,  Jelle",1047108,Classical,2142
184,"Kuehn,  Kolja",12938106,Classical,2126
185,"Spiric,  Igor",916609,Classical,2139
186,"Simon,  Florian",16280733,Classical,2136
187,"Heimrath,  Reiner",4618866,Classical,2134
188,"Farmani Anosheh,  Yasha",24638200,Classical,2115
189,"Beretta,  Giulio",2813578,Classical,2129
190,"Dietze,  Sebastian",4635353,Classical,2151
191,"Wu,  Luka",12977420,Classical,2109
192,"Philipp,  Mathias",12958883,Classical,2117
193,"Heidel,  Andre Nicolas",4654455,Classical,2117
194,"Rich,  Daniel E",2021315,Classical,2111
195,"Steinhart,  Karl-Heinz",4675681,Classical,2110
196,"Kommer,  Bas",1014200,Classical,2067
197,"Wimmer,  Michael",1664913,Classical,2109
198,"Bremond,  Eric",600580,Classical,2100
199,"Bartelt,  Max Peter",12967289,Classical,2104
200,"Hollander,  Hans",1018299,Classical,2103
201,"Ahn,  Martin",200972,Classical,2103
202,"Castillo Martinez,  Eloi",22258663,Classical,2100
203,"Voelbel,  Patrick",24622583,Classical,2095
204,"Hrabinska,  Myroslava",14109190,Classical,2094
205,"Hess,  Markus, Dr.",4616944,Classical,2059
206,"Hofmann,  Lorenz",12995509,Classical,2092
207,"Kuehn,  Martin",16214595,Classical,2093
208,"Schulze,  Andreas",4649281,Classical,2093
209,"Baur,  Frank",24609757,Classical,2088
210,"Schallner,  Marc",12971243,Classical,2069
211,"Van der Veen,  Terry",1022938,Classical,2087
212,"Eberhart,  Erik",16239970,Classical,2085
213,"Mrotzek,  Alexander",16288947,Classical,2060
214,"Germer,  Marcel",24602019,Classical,2130
215,"Gruber,  Roland",1270975,Classical,2080
216,"Oezdemir,  Ali Oezden",12952745,Classical,2077
217,"Mueller,  Adrian",12965987,Classical,2076
218,"Perreard,  Nicolas",1330861,Classical,2076
219,"Quirke,  Jeffrey",2013029,Classical,2075
220,"Klaus,  Christian",4696395,Classical,2073
221,"Kremser,  Michael",1270131,Classical,2033
222,"Truccano,  Florent",20609752,Classical,2071
223,"Tischler,  Michel",1662457,Classical,2113
224,"Wu,  Leon",12977438,Classical,2067
225,"Schrepp,  Florian",16239709,Classical,2065
226,"Nicolussi,  Hieronymus",1677012,Classical,2063
227,"Bratu,  Mircea",16281497,Classical,2072
228,"Nicolai,  Tim",12964930,Classical,2057
229,"Braeutigam,  Thomas",4680120,Classical,2010
230,"Drygala,  Lars",34617779,Classical,2059
231,"Garabetyan,  Arno",6301487,Classical,2056
232,"Gulden,  Tobias",4676807,Classical,2054
233,"Heinke,  Jasper",12976466,Classical,2026
234,"Rosenboom,  Niko",34601880,Classical,2045
235,"Bahmann,  Micha",4654994,Classical,2048
236,"Elk,  Julius",34611711,Classical,2048
237,"Rahimi,  Rahim",24663611,Classical,2048
238,"Kalisch,  Michael",24621633,Classical,2045
239,"Rombach,  Michael",24613819,Classical,2011
240,"Schell,  Franz Juergen, Dr.",34604804,Classical,2045
241,"Guthier,  Max",4673468,Classical,2043
242,"Le Montagner,  Yoann",633720,Classical,2043
243,"Loef,  Dirk",4646851,Classical,2042
244,"Wacker,  Felix",12953040,Classical,2042
245,"Mengler,  Marc",24601152,Classical,2037
246,"Willim,  Michael",4632435,Classical,2032
247,"Gorainow,  Nikita",12970093,Classical,2031
248,"Just,  Wolfgang",4648749,Classical,2031
249,"Grineva,  Marianna",14102013,Classical,2027
250,"Behrens,  Kai",1270981,Classical,2027
251,"Hoffmann,  Achim Gunter, Dr.",3203840,Classical,2029
252,"Wilhelm,  Robert",16220188,Classical,2025
253,"Barthel,  Ansgar",4643461,Classical,2032
254,"Loheide,  Michel",34633570,Classical,2012
255,"Rezazadeh,  Mohammad",12971014,Classical,0,Did not have a classical or rapid rating
256,"Kalousek,  Zdenek",331341,Classical,2019
257,"Neubauer,  Juergen",12957836,Classical,2019
258,"Zvereva,  Marija",4121082,Classical,2018
259,"Werner,  Martin, Dr.",4607970,Classical,2003
260,"Albrecht,  Manuel",12924601,Classical,2016
261,"Bleuzen,  Cedric",632368,Classical,2018
262,"Migliorini,  Matteo",873896,Classical,2015
263,"Sucher,  Johannes",1603906,Classical,2013
264,"Falkenberg,  Hendrik",16236416,Classical,2012
265,"Bock,  Marlon",16244931,Classical,2011
266,"Minescu,  Dragos-Olivar",1203991,Classical,2011
267,"von Bargen,  Lukas",12946141,Classical,2010
268,"Kunc,  Jan",364045,Classical,2009
269,"Schneider,  Michael",4640268,Classical,2008
270,"Stanescu,  Christian",4643224,Classical,2008
271,"Dorfner,  Jeremias",34618597,Classical,2006
272,"Nickel,  Ruediger",4618971,Classical,1983
273,"Demiddele,  Kevin",262781,Classical,2003
274,"Spiekermann,  Stefan",1308122,Classical,2003
275,"Gabanach Fernandez,  Victor",54519861,Classical,2000
276,"Hoppe,  Arthur",34618910,Classical,2000
277,"Dasselaar,  Hendrik",16259297,Classical,1999
278,"Hoffmann,  Tim",12942715,Classical,1970
279,"Stock,  Christoph",4662245,Classical,1997
280,"Alic,  Miran",24605425,Classical,1995
281,"Thielke,  Pascal",16241576,Classical,1995
282,"Besombes,  Romain",20635567,Classical,1994
283,"Alshihawi,  Obai",34620982,Classical,1963
284,"Moenius,  Alexander",12949795,Classical,1992
285,"Seehaus,  Bernhard, Dr.",24639842,Classical,1983
286,"Lehmann,  Tim",12979171,Classical,1982
287,"Tonoyan,  Tigran",13322400,Rapid,1948
288,"Brandl,  Nico",34625607,Classical,0,Did not have a classical or rapid rating
289,"Westenthanner,  Paul",12960020,Classical,1976
290,"Bachmann,  Nick",24686425,Classical,1975
291,"Valean,  David-Andrei",16266455,Classical,2007
292,"Arns,  Alexander",12944009,Classical,1936
293,"Hoke,  Adrian",16218264,Classical,1969
294,"von Wahden,  Jens",16265408,Classical,1968
295,"Gottas,  Mike",12998796,Classical,1966
296,"Voellinger,  Florian",24686433,Classical,1964
297,"Mayer,  Lucas",34699562,Classical,1961
298,"Martin,  Reiner, Dr.",1270942,Classical,1957
299,"Wiesner,  Alexander",12943991,Classical,1977
300,"Simon,  Christopher",24618772,Classical,1955
301,"Beckers,  Marius",24634379,Classical,1953
302,"Gottschall,  Lorenz",12944858,Classical,1950
303,"Yilmaz,  Ahmet",24698652,Classical,1950
304,"Standhartinger,  Joachim",1665839,Classical,2033
305,"Khalimjonov,  Fayzullo",14210223,Classical,1962
306,"Bauer,  Timon",16248082,Classical,1941
307,"Ewen,  Rainer",34667571,Classical,1963
308,"Hock,  Gerold",4660595,Classical,1948
309,"Sutharjan,  Dakxwin",34606548,Classical,1962
310,"Schulemann,  Gero",16227646,Classical,1818
,,
You find all details to this tournament under  https://chess-results.com/tnr1384886.aspx?lan=1,,,Classical,
Chess-Tournament-Results-Server: Chess-Results,,,Classical,
